"","treat_rep1","treat_rep2","control_rep1","control_rep2"
"ENSMUSG00000000088",8791,9778,1016,781
"ENSMUSG00000000184",2058,1584,6975,8316
"ENSMUSG00000000740",28055,31814,48182,55444
"ENSMUSG00000000838",1889,2651,1432,2155
"ENSMUSG00000000881",33303,24295,3196,2914
"ENSMUSG00000001158",2815,3319,6718,6862
"ENSMUSG00000001493",0,0,0,0
"ENSMUSG00000001576",3789,4299,7344,13361
"ENSMUSG00000002010",24771,30368,76103,65974
"ENSMUSG00000002104",0,0,0,0
"ENSMUSG00000002147",8737,14442,36554,35004
"ENSMUSG00000002279",1955,3578,9963,10604
"ENSMUSG00000002588",50,91,5,12
"ENSMUSG00000002820",4393,5061,379,237
"ENSMUSG00000002845",1978,2594,527,238
"ENSMUSG00000002897",7937,8692,7786,8721
"ENSMUSG00000002900",441,398,1645,1554
"ENSMUSG00000002910",3263,2047,6105,7303
"ENSMUSG00000003199",7796,6012,19873,14206
"ENSMUSG00000003279",19599,23859,1893,3020
"ENSMUSG00000003308",8988,8853,1222,836
"ENSMUSG00000003423",8630,8021,22702,22062
"ENSMUSG00000003617",7158,7593,1780,561
"ENSMUSG00000004032",2962,2756,8009,9275
"ENSMUSG00000004383",1050,548,164,62
"ENSMUSG00000005610",31831,28698,108699,128419
"ENSMUSG00000005628",375,155,547,440
"ENSMUSG00000005763",277,220,575,605
"ENSMUSG00000006522",4867,3779,448,495
"ENSMUSG00000006711",0,0,0,0
"ENSMUSG00000006717",6342,1890,14297,14646
"ENSMUSG00000007415",4651,4393,308,347
"ENSMUSG00000007457",0,0,0,0
"ENSMUSG00000007476",2257,3045,5438,5948
"ENSMUSG00000008429",1,1,2,0
"ENSMUSG00000008855",27739,33714,3738,3822
"ENSMUSG00000009291",4703,3522,11477,9377
"ENSMUSG00000009646",9243,7066,937,1150
"ENSMUSG00000010406",2309,3433,483,379
"ENSMUSG00000010538",289,773,37,98
"ENSMUSG00000011154",13822,12739,32257,43639
"ENSMUSG00000013562",136,107,254,321
"ENSMUSG00000013584",75,12,6,1
"ENSMUSG00000015316",291,81,0,82
"ENSMUSG00000015484",1482,1170,1161,1197
"ENSMUSG00000016526",1759,1155,4313,3133
"ENSMUSG00000016664",4936,4329,7792,9537
"ENSMUSG00000017679",5705,3009,13544,16688
"ENSMUSG00000018076",12082,11650,48043,40497
"ENSMUSG00000018339",3263,4824,604,623
"ENSMUSG00000018377",2787,2049,1911,2138
"ENSMUSG00000018381",0,0,0,0
"ENSMUSG00000018537",724,661,1258,1739
"ENSMUSG00000018595",222,529,52,46
"ENSMUSG00000018654",1567820,1339957,1214773,1188685
"ENSMUSG00000018733",455,367,388,264
"ENSMUSG00000018750",1619,913,5973,3204
"ENSMUSG00000019082",959,1549,3264,5629
"ENSMUSG00000019478",5731,5940,1087,847
"ENSMUSG00000019505",15,12,11,6
"ENSMUSG00000019734",437,223,27,45
"ENSMUSG00000019790",6545,3910,17712,13168
"ENSMUSG00000019863",2966,1521,5656,3546
"ENSMUSG00000020077",31228,29474,107436,109707
"ENSMUSG00000020124",2740,2468,4779,6118
"ENSMUSG00000020135",58,43,5,4
"ENSMUSG00000020151",47,46,159,173
"ENSMUSG00000020581",737,377,50,57
"ENSMUSG00000020689",2397,2537,4482,5704
"ENSMUSG00000020709",3100,2182,448,288
"ENSMUSG00000020732",9,15,7,14
"ENSMUSG00000020733",14497,9173,46517,53271
"ENSMUSG00000020834",231,193,34,41
"ENSMUSG00000020888",7972,12045,1258,2201
"ENSMUSG00000020941",3917,2806,9266,7654
"ENSMUSG00000021038",10029,9299,26918,32821
"ENSMUSG00000021131",10256,7430,1681,942
"ENSMUSG00000021226",2054,1326,4035,4235
"ENSMUSG00000021520",3543,3421,652,316
"ENSMUSG00000021537",1470,2366,3201,3548
"ENSMUSG00000021540",0,0,0,0
"ENSMUSG00000021624",9516,9920,553,770
"ENSMUSG00000021733",2146,2375,1201,1515
"ENSMUSG00000021959",2882,5503,8553,5610
"ENSMUSG00000022012",2242,1656,178,321
"ENSMUSG00000022119",3249,4708,10145,10207
"ENSMUSG00000022129",950,1562,5289,5021
"ENSMUSG00000022179",2131,1393,182,122
"ENSMUSG00000022197",9962,13186,25483,33598
"ENSMUSG00000022200",7210,9201,1001,846
"ENSMUSG00000022296",201,69,435,215
"ENSMUSG00000022335",644,777,802,781
"ENSMUSG00000022342",2144,922,360,95
"ENSMUSG00000022407",0,0,0,0
"ENSMUSG00000022500",2013,1738,8071,6161
"ENSMUSG00000022565",11881,15304,2020,1322
"ENSMUSG00000022658",144,123,29,16
"ENSMUSG00000022679",290,306,1315,1129
"ENSMUSG00000022686",6119,3284,9417,11301
"ENSMUSG00000022710",9152,10815,1343,1537
"ENSMUSG00000022742",0,0,0,0
"ENSMUSG00000022801",83,159,144,85
"ENSMUSG00000022849",1584,1413,3707,2352
"ENSMUSG00000022946",1808,2184,6776,5441
"ENSMUSG00000023165",5624,6373,828,891
"ENSMUSG00000023224",1,1,1,1
"ENSMUSG00000023274",3722,4673,2852,3410
"ENSMUSG00000023403",3,3,6,0
"ENSMUSG00000023781",7,6,4,6
"ENSMUSG00000023991",5393,5659,479,321
"ENSMUSG00000024099",3423,3240,2842,3132
"ENSMUSG00000024116",0,6,2,2
"ENSMUSG00000024146",3006,2906,6516,5411
"ENSMUSG00000024268",15120,19907,3672,2278
"ENSMUSG00000024335",30834,30324,3210,4692
"ENSMUSG00000024369",4497,5377,689,695
"ENSMUSG00000024431",7573,8124,28868,32235
"ENSMUSG00000024512",0,0,0,0
"ENSMUSG00000024578",117,221,27,29
"ENSMUSG00000024642",3750,4522,412,182
"ENSMUSG00000024679",4545,5480,596,864
"ENSMUSG00000024790",1279,856,56,272
"ENSMUSG00000024866",181,89,395,482
"ENSMUSG00000024903",0,0,0,0
"ENSMUSG00000024909",763,1540,2856,3948
"ENSMUSG00000024940",163,79,3,14
"ENSMUSG00000024997",5353,5713,675,646
"ENSMUSG00000025016",7630,8041,15435,13072
"ENSMUSG00000025040",3,3,3,1
"ENSMUSG00000025050",772,776,965,1700
"ENSMUSG00000025227",28779,31904,127130,111638
"ENSMUSG00000025369",20369,27847,54361,50801
"ENSMUSG00000025497",0,0,0,0
"ENSMUSG00000025533",5538,3090,578,578
"ENSMUSG00000025786",3511,6350,252,1321
"ENSMUSG00000025857",4771,2450,395,738
"ENSMUSG00000025978",992,1127,114,142
"ENSMUSG00000026070",1,5,0,10
"ENSMUSG00000026078",4261,3005,4995,6562
"ENSMUSG00000026116",22,5,19,10
"ENSMUSG00000026134",8353,9746,31576,36869
"ENSMUSG00000026167",608,263,57,79
"ENSMUSG00000026277",6703,7427,6456,3617
"ENSMUSG00000026281",5674,3593,618,652
"ENSMUSG00000026347",40,33,1,8
"ENSMUSG00000026580",349,445,696,660
"ENSMUSG00000026581",3231,3780,11217,14274
"ENSMUSG00000026596",6443,4561,14123,8635
"ENSMUSG00000026634",2741,2681,3650,2472
"ENSMUSG00000026659",247,429,1115,1378
"ENSMUSG00000026770",13664,13794,35828,37858
"ENSMUSG00000026812",17956,15040,921,1433
"ENSMUSG00000026888",637,953,2875,2563
"ENSMUSG00000026969",27786,33118,62052,79762
"ENSMUSG00000026971",8231,9783,1622,1190
"ENSMUSG00000026986",655,146,652,610
"ENSMUSG00000027086",539,822,69,64
"ENSMUSG00000027245",433,591,1016,1439
"ENSMUSG00000027253",30,8,13,14
"ENSMUSG00000027323",2340,1658,4391,4821
"ENSMUSG00000027366",4453,5684,13977,17425
"ENSMUSG00000027378",2309,1880,320,207
"ENSMUSG00000027422",0,0,0,0
"ENSMUSG00000027518",0,0,0,0
"ENSMUSG00000027596",1341,1043,38,128
"ENSMUSG00000027652",5877,6700,940,558
"ENSMUSG00000027718",604,1129,102,126
"ENSMUSG00000027788",495,324,1152,1908
"ENSMUSG00000027792",121,123,362,445
"ENSMUSG00000027801",1680,1243,159,195
"ENSMUSG00000027878",5230,2860,306,421
"ENSMUSG00000027896",3932,2896,440,502
"ENSMUSG00000027931",812,892,136,121
"ENSMUSG00000027938",2574,4190,9864,8199
"ENSMUSG00000027994",15383,10907,30722,31538
"ENSMUSG00000028057",4187,2724,7151,6885
"ENSMUSG00000028078",5892,4135,18261,22507
"ENSMUSG00000028102",1646,973,190,172
"ENSMUSG00000028104",2306,3573,11499,10595
"ENSMUSG00000028172",3626,1804,170,303
"ENSMUSG00000028238",0,1,0,0
"ENSMUSG00000028251",3103,1996,216,353
"ENSMUSG00000028364",28743,32548,108579,111707
"ENSMUSG00000028394",1745,2205,1646,1807
"ENSMUSG00000028405",6177,6726,988,1198
"ENSMUSG00000028468",9690,8515,25113,19171
"ENSMUSG00000028559",3210,4848,3846,3583
"ENSMUSG00000028583",1049,1217,3336,3338
"ENSMUSG00000028639",30609,29219,109084,101315
"ENSMUSG00000028672",5431,6167,592,640
"ENSMUSG00000028749",1356,2273,98,169
"ENSMUSG00000028777",588,923,2990,2800
"ENSMUSG00000028796",13603,12343,37765,39783
"ENSMUSG00000028851",5181,5083,4999,3975
"ENSMUSG00000028869",5066,6133,14595,11184
"ENSMUSG00000028874",135,229,330,1175
"ENSMUSG00000028980",1696,2114,3361,4422
"ENSMUSG00000028998",9182,12300,33485,33093
"ENSMUSG00000029034",3658,4705,13883,16951
"ENSMUSG00000029066",3500,3056,11263,13594
"ENSMUSG00000029149",148,120,48,154
"ENSMUSG00000029335",1612,1391,3522,3601
"ENSMUSG00000029348",1,1,0,0
"ENSMUSG00000029434",4719,10073,29777,28852
"ENSMUSG00000029499",226,197,40,33
"ENSMUSG00000029557",721,820,1551,1558
"ENSMUSG00000029591",833,1619,217,151
"ENSMUSG00000029601",332,1002,52,128
"ENSMUSG00000029614",31842,29670,4007,2764
"ENSMUSG00000030086",957,1332,2403,2392
"ENSMUSG00000030187",0,0,0,0
"ENSMUSG00000030302",0,0,0,0
"ENSMUSG00000030495",0,0,0,0
"ENSMUSG00000030577",608,1060,521,612
"ENSMUSG00000030680",4338,4770,12899,12641
"ENSMUSG00000030747",1374,2143,106,180
"ENSMUSG00000030771",5070,4882,312,365
"ENSMUSG00000030824",7640,7988,30170,28031
"ENSMUSG00000030838",10796,11133,42670,40192
"ENSMUSG00000030887",144,72,190,216
"ENSMUSG00000030911",1,3,2,2
"ENSMUSG00000030935",25889,26049,55533,58170
"ENSMUSG00000030981",7012,5823,1244,708
"ENSMUSG00000030990",2314,2993,8553,6975
"ENSMUSG00000031010",6420,7351,16524,12513
"ENSMUSG00000031290",77,45,6,6
"ENSMUSG00000031471",13317,14612,31315,20012
"ENSMUSG00000031519",7957,8762,5328,5818
"ENSMUSG00000031586",5484,4359,296,516
"ENSMUSG00000031691",6777,3568,3907,3197
"ENSMUSG00000031751",10009,10462,22756,25253
"ENSMUSG00000031839",6018,5339,14786,15936
"ENSMUSG00000031901",668,520,508,417
"ENSMUSG00000031918",4534,5072,3117,2643
"ENSMUSG00000031974",495,557,1148,1769
"ENSMUSG00000032021",8,5,3,4
"ENSMUSG00000032110",3884,4079,449,756
"ENSMUSG00000032288",3705,4919,625,316
"ENSMUSG00000032403",1,1,0,0
"ENSMUSG00000032431",580,530,501,367
"ENSMUSG00000032528",37,39,120,102
"ENSMUSG00000032712",5591,6554,23340,26035
"ENSMUSG00000032788",346,392,425,338
"ENSMUSG00000032849",578,625,97,103
"ENSMUSG00000033024",2,2,1,1
"ENSMUSG00000033066",7,0,1,1
"ENSMUSG00000033106",2543,1639,8355,7971
"ENSMUSG00000033256",2752,2989,581,341
"ENSMUSG00000033361",0,0,0,0
"ENSMUSG00000033400",3487,5128,405,240
"ENSMUSG00000033752",482,455,351,264
"ENSMUSG00000034023",1690,2217,1494,1111
"ENSMUSG00000034109",4351,6698,364,496
"ENSMUSG00000034201",5317,5577,17292,25033
"ENSMUSG00000034266",1238,1393,4066,4669
"ENSMUSG00000034591",14835,12917,1598,2529
"ENSMUSG00000034612",906,825,140,51
"ENSMUSG00000034854",1037,998,3403,2506
"ENSMUSG00000035505",838,206,419,482
"ENSMUSG00000035711",29828,30796,1948,4411
"ENSMUSG00000035896",1076,1023,3422,3301
"ENSMUSG00000035944",906,646,1542,1163
"ENSMUSG00000036002",2453,2694,526,258
"ENSMUSG00000036052",1356,1222,2256,2585
"ENSMUSG00000036214",202,100,170,81
"ENSMUSG00000036279",0,0,0,0
"ENSMUSG00000036357",289,605,40,83
"ENSMUSG00000036634",350,257,720,866
"ENSMUSG00000036733",38,134,6,13
"ENSMUSG00000036743",14828,10943,25842,24380
"ENSMUSG00000036792",2521,2179,8666,10712
"ENSMUSG00000036972",91,102,21,1
"ENSMUSG00000037341",704,927,80,65
"ENSMUSG00000037600",8679,10967,26669,34782
"ENSMUSG00000037996",75,63,11,9
"ENSMUSG00000038178",6336,9122,31096,32598
"ENSMUSG00000038227",4363,3075,411,293
"ENSMUSG00000038241",9798,10899,31284,39011
"ENSMUSG00000038255",3947,4416,245,386
"ENSMUSG00000038402",0,0,0,0
"ENSMUSG00000038759",4748,6193,5008,2562
"ENSMUSG00000038773",7815,10547,9897,11435
"ENSMUSG00000038895",1479,1983,2518,1060
"ENSMUSG00000038917",644,736,69,108
"ENSMUSG00000039043",9185,6064,19746,22357
"ENSMUSG00000039178",384,1124,2113,1890
"ENSMUSG00000039253",626,741,379,547
"ENSMUSG00000039285",3076,5616,610,538
"ENSMUSG00000039536",5504,9606,16633,17215
"ENSMUSG00000039680",628,478,1648,2144
"ENSMUSG00000039717",753,429,42,38
"ENSMUSG00000039789",365,573,1129,1012
"ENSMUSG00000039824",1488,1225,89,122
"ENSMUSG00000039851",0,0,0,0
"ENSMUSG00000039943",51,64,161,26
"ENSMUSG00000039954",3971,5100,14582,9592
"ENSMUSG00000040213",990,1134,1414,2564
"ENSMUSG00000040247",7944,6477,13612,13484
"ENSMUSG00000040276",650,624,2193,1489
"ENSMUSG00000040413",3710,2810,6484,9531
"ENSMUSG00000040456",617,28,31,79
"ENSMUSG00000040606",2822,4188,10487,10048
"ENSMUSG00000040650",260,129,31,16
"ENSMUSG00000040688",0,0,0,0
"ENSMUSG00000040738",2342,2577,1900,2264
"ENSMUSG00000040759",198,364,21,49
"ENSMUSG00000040812",121,68,7,12
"ENSMUSG00000041044",0,0,0,0
"ENSMUSG00000041133",0,0,0,0
"ENSMUSG00000041144",2193,2322,237,276
"ENSMUSG00000041189",422,196,18,48
"ENSMUSG00000042050",0,0,0,0
"ENSMUSG00000042115",0,0,0,0
"ENSMUSG00000042129",2889,1712,442,327
"ENSMUSG00000042377",30266,29917,4199,4840
"ENSMUSG00000042567",28293,31328,5028,4724
"ENSMUSG00000042581",0,0,0,0
"ENSMUSG00000042604",1838,2467,4470,7485
"ENSMUSG00000042626",8527,10754,22939,21428
"ENSMUSG00000042729",3356,2484,251,241
"ENSMUSG00000042797",44,107,73,271
"ENSMUSG00000043029",0,0,0,0
"ENSMUSG00000043073",26012,27881,91860,120306
"ENSMUSG00000043102",1183,1008,98,235
"ENSMUSG00000043300",10104,12375,1207,1079
"ENSMUSG00000043391",1387,836,190,121
"ENSMUSG00000043460",4534,6282,531,613
"ENSMUSG00000043557",1167,1495,2232,2169
"ENSMUSG00000043801",135,526,65,10
"ENSMUSG00000043939",48,214,18,11
"ENSMUSG00000044067",3084,2501,6920,5524
"ENSMUSG00000044309",0,0,0,0
"ENSMUSG00000044362",13910,12950,48881,33954
"ENSMUSG00000044701",1922,1487,274,228
"ENSMUSG00000044860",16167,9810,2053,1905
"ENSMUSG00000045658",4258,4961,512,717
"ENSMUSG00000045744",51,86,201,264
"ENSMUSG00000046031",149,114,16,15
"ENSMUSG00000046341",4036,3616,2831,3263
"ENSMUSG00000046607",5716,4827,867,983
"ENSMUSG00000047116",42,81,176,160
"ENSMUSG00000047166",196,208,382,1296
"ENSMUSG00000047347",65,51,211,110
"ENSMUSG00000047371",1841,1549,1442,1053
"ENSMUSG00000047407",6626,6347,492,510
"ENSMUSG00000047787",7570,6838,787,669
"ENSMUSG00000047841",169,216,53,0
"ENSMUSG00000048013",211,252,311,946
"ENSMUSG00000048076",0,0,0,0
"ENSMUSG00000048107",3801,4634,14176,16916
"ENSMUSG00000048126",36,90,10,10
"ENSMUSG00000048153",10945,10875,1954,1779
"ENSMUSG00000048572",1371,2340,5576,5122
"ENSMUSG00000048592",5812,7070,10990,9434
"ENSMUSG00000048616",3504,3616,336,348
"ENSMUSG00000048794",465,597,165,447
"ENSMUSG00000048827",1345,970,244,145
"ENSMUSG00000048865",6799,7640,7779,8323
"ENSMUSG00000049092",110,81,443,316
"ENSMUSG00000049202",19150,16627,2306,2461
"ENSMUSG00000049241",192,73,328,0
"ENSMUSG00000049460",12460,14584,873,1969
"ENSMUSG00000049515",1320,1667,135,133
"ENSMUSG00000049536",3664,5263,497,515
"ENSMUSG00000049734",4496,3146,7859,8666
"ENSMUSG00000050102",190,117,10,28
"ENSMUSG00000050147",4805,5655,336,556
"ENSMUSG00000050213",2125,1626,264,352
"ENSMUSG00000050383",2375,2501,129,363
"ENSMUSG00000050545",1996,1624,7636,6473
"ENSMUSG00000051295",722,1130,33,94
"ENSMUSG00000051313",0,0,0,0
"ENSMUSG00000051331",1316,1802,3136,5834
"ENSMUSG00000051435",132,240,32,29
"ENSMUSG00000051439",161,184,857,461
"ENSMUSG00000051606",8341,10246,1908,1041
"ENSMUSG00000051790",0,0,0,0
"ENSMUSG00000051956",10376,9353,42531,39842
"ENSMUSG00000052085",11961,14012,8059,9356
"ENSMUSG00000052299",3257,4990,459,310
"ENSMUSG00000052396",0,0,0,0
"ENSMUSG00000052551",123,38,7,7
"ENSMUSG00000052593",5222,3746,17366,18375
"ENSMUSG00000052675",73,36,138,163
"ENSMUSG00000052821",15,13,9,14
"ENSMUSG00000053091",819,399,42,62
"ENSMUSG00000053218",43,71,8,10
"ENSMUSG00000053367",0,0,0,0
"ENSMUSG00000053815",2917,2929,10055,10804
"ENSMUSG00000053957",61,33,148,97
"ENSMUSG00000054117",173,213,330,500
"ENSMUSG00000054277",1115,1469,460,1115
"ENSMUSG00000054517",443,96,205,354
"ENSMUSG00000054545",34,23,50,0
"ENSMUSG00000054626",473,533,1220,1389
"ENSMUSG00000054757",375,301,65,50
"ENSMUSG00000055015",2594,1795,6601,11602
"ENSMUSG00000055340",9707,6664,36497,27122
"ENSMUSG00000055415",1345,1115,3127,2890
"ENSMUSG00000055424",2196,3137,6048,6604
"ENSMUSG00000055480",342,211,856,778
"ENSMUSG00000055681",12564,15636,56279,60426
"ENSMUSG00000056043",0,0,0,0
"ENSMUSG00000056144",592,351,0,156
"ENSMUSG00000056553",74,77,11,10
"ENSMUSG00000057067",10587,10759,31386,42080
"ENSMUSG00000057181",1175,1808,263,108
"ENSMUSG00000057329",109,488,51,45
"ENSMUSG00000057594",1234,1109,3476,4628
"ENSMUSG00000057761",3426,2921,5108,5431
"ENSMUSG00000057770",0,0,0,0
"ENSMUSG00000057880",3419,5192,9015,5752
"ENSMUSG00000057924",5758,6233,22565,17579
"ENSMUSG00000058275",103,34,0,32
"ENSMUSG00000058295",114,72,323,280
"ENSMUSG00000058643",0,0,0,0
"ENSMUSG00000059049",4771,4903,153,730
"ENSMUSG00000059288",1735,1465,269,94
"ENSMUSG00000059447",8379,5716,824,1309
"ENSMUSG00000059565",29413,32142,85059,76200
"ENSMUSG00000059687",2482,2490,3431,4389
"ENSMUSG00000059690",4677,2721,387,306
"ENSMUSG00000059874",6173,4584,12456,11844
"ENSMUSG00000060303",0,0,0,0
"ENSMUSG00000060371",3209,2771,5446,7404
"ENSMUSG00000060376",9167,12418,45472,46529
"ENSMUSG00000060438",518,518,1108,886
"ENSMUSG00000060480",79,71,8,9
"ENSMUSG00000060565",2117,1570,4636,6852
"ENSMUSG00000060688",524,614,104,61
"ENSMUSG00000060989",1141,3425,6990,5815
"ENSMUSG00000061306",17243,12621,55299,52146
"ENSMUSG00000061388",11077,10412,1075,1269
"ENSMUSG00000061740",322,111,1112,515
"ENSMUSG00000061758",7156,6964,614,627
"ENSMUSG00000061769",31,354,51,6
"ENSMUSG00000061835",149,106,254,285
"ENSMUSG00000061975",175,157,19,32
"ENSMUSG00000062184",549,476,478,654
"ENSMUSG00000062272",2194,2551,187,364
"ENSMUSG00000062376",355,493,345,241
"ENSMUSG00000062580",1044,2351,223,213
"ENSMUSG00000062797",1999,1929,8426,6611
"ENSMUSG00000062874",2557,4016,533,380
"ENSMUSG00000062933",1970,2298,270,171
"ENSMUSG00000062997",31997,28913,2971,3173
"ENSMUSG00000063058",9718,9862,37509,42480
"ENSMUSG00000063080",216,168,1169,360
"ENSMUSG00000063251",524,195,14,67
"ENSMUSG00000063328",3308,1825,10286,10145
"ENSMUSG00000063410",6876,6761,5226,5419
"ENSMUSG00000063457",27798,32291,5683,4140
"ENSMUSG00000063600",3469,4244,456,499
"ENSMUSG00000063651",3099,4623,14109,13805
"ENSMUSG00000063727",3941,4357,9988,10767
"ENSMUSG00000064156",0,0,0,0
"ENSMUSG00000064281",2573,2812,10786,7385
"ENSMUSG00000064333",141,193,714,502
"ENSMUSG00000064453",4836,6141,3754,5803
"ENSMUSG00000064494",44,84,5,7
"ENSMUSG00000064741",1,1,1,1
"ENSMUSG00000064818",10,93,205,222
"ENSMUSG00000064831",1964,2002,7823,7574
"ENSMUSG00000064925",21,41,26,34
"ENSMUSG00000065162",4,5,8,0
"ENSMUSG00000065173",0,0,0,0
"ENSMUSG00000065206",0,0,0,0
"ENSMUSG00000065233",2715,2600,130,769
"ENSMUSG00000065283",51,31,10,2
"ENSMUSG00000065291",1879,1873,6445,7511
"ENSMUSG00000065305",52,54,0,10
"ENSMUSG00000065330",0,0,0,0
"ENSMUSG00000065419",3841,4047,150,396
"ENSMUSG00000065445",94,75,9,7
"ENSMUSG00000065501",11057,10764,41146,42172
"ENSMUSG00000065581",6254,5290,15727,13108
"ENSMUSG00000065607",208,137,600,321
"ENSMUSG00000065767",90,106,0,24
"ENSMUSG00000065936",105,51,6,7
"ENSMUSG00000066057",6165,6181,526,370
"ENSMUSG00000066072",10424,12189,32638,23881
"ENSMUSG00000066129",2166,3138,10442,12227
"ENSMUSG00000066632",1022,797,98,154
"ENSMUSG00000066772",853,955,843,315
"ENSMUSG00000066892",3401,4832,15543,15750
"ENSMUSG00000067225",18,55,0,19
"ENSMUSG00000067526",112,146,695,286
"ENSMUSG00000067596",6200,4429,19766,15967
"ENSMUSG00000067608",747,514,740,1323
"ENSMUSG00000067786",1,1,1,1
"ENSMUSG00000067848",2381,2327,238,354
"ENSMUSG00000068099",153,202,354,292
"ENSMUSG00000068130",11,301,0,22
"ENSMUSG00000068218",16290,12118,46605,46964
"ENSMUSG00000068566",6888,3813,631,663
"ENSMUSG00000068646",13368,12939,1713,2105
"ENSMUSG00000068680",0,0,0,0
"ENSMUSG00000068776",4179,6508,706,828
"ENSMUSG00000068859",610,695,1956,835
"ENSMUSG00000069259",339,330,57,33
"ENSMUSG00000069299",0,176,6,10
"ENSMUSG00000069540",50,133,24,4
"ENSMUSG00000069962",13858,20445,31779,31009
"ENSMUSG00000070000",26847,34614,2647,2564
"ENSMUSG00000070709",568,0,36,23
"ENSMUSG00000070737",1337,2042,135,163
"ENSMUSG00000070808",14103,14898,57931,59553
"ENSMUSG00000070834",3342,2622,5555,5326
"ENSMUSG00000071103",242,234,475,403
"ENSMUSG00000071347",26026,34767,4920,4428
"ENSMUSG00000071633",0,0,0,0
"ENSMUSG00000071646",26948,21394,1760,2170
"ENSMUSG00000071656",55,152,400,347
"ENSMUSG00000071818",468,801,1441,1425
"ENSMUSG00000071855",23,105,201,178
"ENSMUSG00000072584",906,1505,148,225
"ENSMUSG00000072601",0,0,0,0
"ENSMUSG00000072693",0,0,0,0
"ENSMUSG00000072731",4950,3009,507,627
"ENSMUSG00000072812",4679,4333,14859,13685
"ENSMUSG00000072915",339,381,41,49
"ENSMUSG00000073197",2826,3251,362,480
"ENSMUSG00000073255",18039,17446,2619,1354
"ENSMUSG00000073414",4,4,0,9
"ENSMUSG00000073418",7780,6262,29648,26906
"ENSMUSG00000073559",4942,5901,10621,8558
"ENSMUSG00000073590",6939,4804,998,521
"ENSMUSG00000073596",2128,1502,125,315
"ENSMUSG00000073878",3416,3435,508,637
"ENSMUSG00000073897",13639,16966,1488,1216
"ENSMUSG00000073943",68,52,8,11
"ENSMUSG00000073997",10858,18580,25703,34894
"ENSMUSG00000074011",488,191,948,1419
"ENSMUSG00000074108",2,1,2,2
"ENSMUSG00000074146",1759,1314,223,162
"ENSMUSG00000074378",1969,2191,5570,5672
"ENSMUSG00000074603",3030,2639,420,417
"ENSMUSG00000074628",1231,1439,166,140
"ENSMUSG00000074695",5892,1820,655,672
"ENSMUSG00000074818",433,190,1059,1317
"ENSMUSG00000074849",315,255,526,466
"ENSMUSG00000074885",3190,3547,10168,8871
"ENSMUSG00000075023",4,2,2,4
"ENSMUSG00000075063",765,460,1986,2622
"ENSMUSG00000075070",43,31,109,86
"ENSMUSG00000075117",67,15,48,125
"ENSMUSG00000075122",6557,7184,27183,25586
"ENSMUSG00000075136",2229,2576,11164,8355
"ENSMUSG00000075150",9379,13277,1168,2647
"ENSMUSG00000075159",10294,11466,465,2095
"ENSMUSG00000075173",1499,771,223,115
"ENSMUSG00000075334",17712,28607,60646,56775
"ENSMUSG00000075405",2639,3432,5411,6827
"ENSMUSG00000075408",3766,3893,13286,14362
"ENSMUSG00000075465",231,93,522,47
"ENSMUSG00000075553",2038,2232,7660,8587
"ENSMUSG00000075569",27838,33278,5209,4375
"ENSMUSG00000076014",4934,4371,6553,8873
"ENSMUSG00000076286",1019,619,79,36
"ENSMUSG00000076371",1292,1070,185,52
"ENSMUSG00000076475",105,104,25,0
"ENSMUSG00000076508",8,4,6,3
"ENSMUSG00000076605",9849,11822,541,1025
"ENSMUSG00000076855",2035,2656,6550,4345
"ENSMUSG00000077049",505,868,2480,2149
"ENSMUSG00000077096",5316,5283,875,651
"ENSMUSG00000077119",7202,7563,865,659
"ENSMUSG00000077271",690,839,2128,1834
"ENSMUSG00000077316",5577,5255,13503,22347
"ENSMUSG00000077334",53194,46855,41372,27251
"ENSMUSG00000077409",3717,2508,155,298
"ENSMUSG00000077422",0,0,0,0
"ENSMUSG00000077652",86,69,278,73
"ENSMUSG00000077707",1452,470,2151,1381
"ENSMUSG00000077858",3704,3874,12907,16630
"ENSMUSG00000078130",729,537,1609,1723
"ENSMUSG00000078611",4431,4924,10830,13941
"ENSMUSG00000078674",5880,5241,954,463
"ENSMUSG00000078680",4099,5265,15642,9874
"ENSMUSG00000078737",445,339,981,1889
"ENSMUSG00000078753",9,79,145,24
"ENSMUSG00000078765",2240,4625,241,344
"ENSMUSG00000078772",3747,4341,429,454
"ENSMUSG00000078925",415,318,40,47
"ENSMUSG00000078995",31,48,12,0
"ENSMUSG00000079022",45,54,46,44
"ENSMUSG00000079036",2245,1512,4647,4582
"ENSMUSG00000079102",517,1173,74,87
"ENSMUSG00000079120",16327,14368,46968,46433
"ENSMUSG00000079186",0,0,0,0
"ENSMUSG00000079286",0,0,0,0
"ENSMUSG00000079339",1308,1542,140,51
"ENSMUSG00000079481",3,26,17,6
"ENSMUSG00000079537",2272,1637,303,357
"ENSMUSG00000079597",0,0,0,0
"ENSMUSG00000079659",207,355,1206,757
"ENSMUSG00000079893",39,60,294,108
"ENSMUSG00000080073",1478,1510,89,178
"ENSMUSG00000080266",4866,2962,652,441
"ENSMUSG00000080349",2350,3638,308,216
"ENSMUSG00000080391",8272,7408,16875,16436
"ENSMUSG00000080434",8533,9746,1238,831
"ENSMUSG00000080486",7,68,145,18
"ENSMUSG00000080575",7175,6864,8322,14791
"ENSMUSG00000080597",0,0,0,0
"ENSMUSG00000080632",0,0,1,0
"ENSMUSG00000080730",129,76,13,18
"ENSMUSG00000080775",2019,2398,352,154
"ENSMUSG00000080841",67,30,39,29
"ENSMUSG00000080876",6734,4951,18625,20886
"ENSMUSG00000080924",26843,19244,3987,2921
"ENSMUSG00000080942",7747,9599,1291,1646
"ENSMUSG00000080943",1685,1350,128,157
"ENSMUSG00000080982",304,482,94,21
"ENSMUSG00000081033",4146,5530,553,450
"ENSMUSG00000081077",112,3,188,103
"ENSMUSG00000081134",2986,2005,349,431
"ENSMUSG00000081141",0,0,0,0
"ENSMUSG00000081169",209,97,455,198
"ENSMUSG00000081181",123,91,0,18
"ENSMUSG00000081187",28,73,0,7
"ENSMUSG00000081249",4291,4689,3032,3755
"ENSMUSG00000081290",7291,9735,1188,1178
"ENSMUSG00000081375",3425,3924,7875,10562
"ENSMUSG00000081421",3154,2901,312,555
"ENSMUSG00000081426",590,983,56,131
"ENSMUSG00000081429",4005,6065,941,810
"ENSMUSG00000081531",7814,7277,1155,1172
"ENSMUSG00000081536",17670,20843,1842,2025
"ENSMUSG00000081555",2005,3037,410,415
"ENSMUSG00000081562",2838,3910,422,679
"ENSMUSG00000081643",16148,19545,65245,83514
"ENSMUSG00000081649",11743,10783,50382,42214
"ENSMUSG00000081668",1065,1201,87,209
"ENSMUSG00000081685",2062,1422,207,207
"ENSMUSG00000081698",790,772,89,131
"ENSMUSG00000081728",74,6,2,5
"ENSMUSG00000081812",10434,7061,976,1172
"ENSMUSG00000081820",3797,3486,580,460
"ENSMUSG00000081833",0,0,0,0
"ENSMUSG00000081888",666,698,1783,1248
"ENSMUSG00000081892",1865,1683,3227,4266
"ENSMUSG00000081938",2969,1920,8432,6889
"ENSMUSG00000081947",2995,2391,3604,5067
"ENSMUSG00000081957",14638,12302,1368,3354
"ENSMUSG00000082021",73,83,7,4
"ENSMUSG00000082037",0,0,0,0
"ENSMUSG00000082103",3081,3732,8925,10643
"ENSMUSG00000082200",1444,1215,150,164
"ENSMUSG00000082251",5098,4397,430,417
"ENSMUSG00000082263",1,3,2,0
"ENSMUSG00000082268",678,481,88,64
"ENSMUSG00000082315",85,9,12,0
"ENSMUSG00000082330",109,126,16,14
"ENSMUSG00000082350",3503,3700,470,676
"ENSMUSG00000082360",3240,4492,9569,6130
"ENSMUSG00000082416",0,0,0,0
"ENSMUSG00000082473",48,162,13,16
"ENSMUSG00000082549",66,45,106,161
"ENSMUSG00000082589",9013,7104,30805,33255
"ENSMUSG00000082597",1340,977,2913,3478
"ENSMUSG00000082737",0,0,0,0
"ENSMUSG00000082758",15778,15018,1394,1068
"ENSMUSG00000082785",3784,4164,16670,15606
"ENSMUSG00000082906",2078,1091,4016,4155
"ENSMUSG00000082953",189,398,28,18
"ENSMUSG00000082966",79,50,3,12
"ENSMUSG00000083004",6096,7927,1427,931
"ENSMUSG00000083041",3303,2946,12929,11471
"ENSMUSG00000083042",0,0,0,0
"ENSMUSG00000083043",6899,5348,16728,20144
"ENSMUSG00000083060",5207,3385,324,241
"ENSMUSG00000083156",179,12,283,320
"ENSMUSG00000083158",9,0,3,3
"ENSMUSG00000083177",5620,12157,24987,16579
"ENSMUSG00000083193",6007,5555,1039,956
"ENSMUSG00000083196",20625,13373,57411,60055
"ENSMUSG00000083278",33782,27482,3317,2851
"ENSMUSG00000083339",8,6,3,6
"ENSMUSG00000083364",16,17,8,17
"ENSMUSG00000083452",8283,8874,29573,30785
"ENSMUSG00000083520",2532,3178,11167,9210
"ENSMUSG00000083545",1565,1467,194,165
"ENSMUSG00000083562",9032,6921,1215,940
"ENSMUSG00000083573",148,243,577,1022
"ENSMUSG00000083582",369,307,44,64
"ENSMUSG00000083619",0,0,0,0
"ENSMUSG00000083640",2,2,1,1
"ENSMUSG00000083691",11452,7862,27412,32758
"ENSMUSG00000083728",47,41,134,101
"ENSMUSG00000083756",3275,4101,8585,10359
"ENSMUSG00000083855",30537,30714,124006,117361
"ENSMUSG00000083874",32531,27544,116277,113104
"ENSMUSG00000083964",8262,7183,601,535
"ENSMUSG00000083982",5528,5180,17760,21654
"ENSMUSG00000084001",13993,14617,1214,1038
"ENSMUSG00000084096",1362,1221,96,165
"ENSMUSG00000084152",3439,3861,8896,8861
"ENSMUSG00000084200",193,176,640,616
"ENSMUSG00000084211",39,45,109,63
"ENSMUSG00000084260",0,0,0,0
"ENSMUSG00000084288",7236,7875,1155,1172
"ENSMUSG00000084383",10,3,4,4
"ENSMUSG00000084386",8752,12632,1108,1401
"ENSMUSG00000084433",7667,9823,35117,35402
"ENSMUSG00000084646",1457,1783,270,234
"ENSMUSG00000084654",28468,32156,4388,4941
"ENSMUSG00000084705",1,0,1,1
"ENSMUSG00000084772",249,416,986,1477
"ENSMUSG00000084774",0,0,0,0
"ENSMUSG00000084781",5981,3615,592,407
"ENSMUSG00000084856",0,0,0,0
"ENSMUSG00000084865",3721,4778,11935,13336
"ENSMUSG00000084954",0,0,0,0
"ENSMUSG00000084986",325,157,462,829
"ENSMUSG00000085000",98,115,13,13
"ENSMUSG00000085066",2086,2144,98,248
"ENSMUSG00000085074",494,1237,71,76
"ENSMUSG00000085082",0,0,0,0
"ENSMUSG00000085288",14738,17560,61727,56446
"ENSMUSG00000085298",3090,1860,271,545
"ENSMUSG00000085358",0,0,0,0
"ENSMUSG00000085375",3233,2817,6233,6942
"ENSMUSG00000085398",7068,9974,31723,33617
"ENSMUSG00000085401",279,286,577,737
"ENSMUSG00000085471",0,0,0,0
"ENSMUSG00000085532",291,232,742,1222
"ENSMUSG00000085541",275,386,1243,1047
"ENSMUSG00000085623",536,314,194,319
"ENSMUSG00000085653",1698,1782,4687,4493
"ENSMUSG00000085672",327,615,52,25
"ENSMUSG00000085734",21490,21011,1515,1315
"ENSMUSG00000085772",0,0,0,0
"ENSMUSG00000085787",2045,1240,326,19
"ENSMUSG00000085881",2,6,3,2
"ENSMUSG00000085893",4091,4626,12623,11051
"ENSMUSG00000085955",18,55,0,9
"ENSMUSG00000086025",6337,8481,1615,923
"ENSMUSG00000086127",2750,3845,364,378
"ENSMUSG00000086134",3048,2860,542,295
"ENSMUSG00000086245",207,280,15,55
"ENSMUSG00000086409",0,0,0,0
"ENSMUSG00000086452",17622,13359,31677,26251
"ENSMUSG00000086493",34,40,54,109
"ENSMUSG00000086530",0,0,0,0
"ENSMUSG00000086621",8381,7471,17010,17394
"ENSMUSG00000086637",0,0,0,0
"ENSMUSG00000086799",66,80,375,197
"ENSMUSG00000086833",1875,1308,6393,5168
"ENSMUSG00000086841",11528,15441,34716,39003
"ENSMUSG00000086847",0,0,0,0
"ENSMUSG00000086911",1252,548,147,171
"ENSMUSG00000086999",29527,31430,4613,4629
"ENSMUSG00000087018",5971,9932,17989,16072
"ENSMUSG00000087031",1496,1866,6841,5566
"ENSMUSG00000087044",1632,2133,6445,7151
"ENSMUSG00000087075",9718,6233,13607,15699
"ENSMUSG00000087077",2909,4743,666,595
"ENSMUSG00000087181",63,55,139,331
"ENSMUSG00000087185",146,126,12,17
"ENSMUSG00000087187",12916,19537,2168,1814
"ENSMUSG00000087238",3597,3387,244,521
"ENSMUSG00000087239",1326,1816,164,128
"ENSMUSG00000087265",23,15,18,25
"ENSMUSG00000087276",6917,7283,855,1007
"ENSMUSG00000087323",587,257,7,132
"ENSMUSG00000087522",4791,3705,11090,7124
"ENSMUSG00000087560",0,24,5,15
"ENSMUSG00000087691",4478,4997,894,449
"ENSMUSG00000087715",66,100,8,4
"ENSMUSG00000087726",12412,15633,35939,30329
"ENSMUSG00000087735",709,515,1779,1943
"ENSMUSG00000087758",27969,20755,70614,63807
"ENSMUSG00000087820",10533,10506,37169,37757
"ENSMUSG00000087846",1420,1581,120,190
"ENSMUSG00000087904",3584,3358,152,390
"ENSMUSG00000087922",11753,9939,28134,28239
"ENSMUSG00000088046",5561,6415,19569,22703
"ENSMUSG00000088103",51,39,6,2
"ENSMUSG00000088131",946,1909,763,1178
"ENSMUSG00000088143",10381,8395,37410,34647
"ENSMUSG00000088320",0,0,0,0
"ENSMUSG00000088325",886,942,3808,3532
"ENSMUSG00000088346",61,100,0,23
"ENSMUSG00000088348",6017,7903,17261,24356
"ENSMUSG00000088351",0,0,0,0
"ENSMUSG00000088394",1658,1381,6482,4096
"ENSMUSG00000088505",9495,11840,18827,21406
"ENSMUSG00000088532",22,39,11,28
"ENSMUSG00000088539",2930,2807,10567,12157
"ENSMUSG00000088547",35589,23535,3627,4569
"ENSMUSG00000088564",0,0,0,0
"ENSMUSG00000088629",33615,26977,124536,125660
"ENSMUSG00000088646",1616,2314,5656,6623
"ENSMUSG00000088776",6,0,0,0
"ENSMUSG00000088802",36,38,2,6
"ENSMUSG00000088833",193,135,69,129
"ENSMUSG00000088843",13957,14324,2668,1912
"ENSMUSG00000088845",2775,3788,7298,6687
"ENSMUSG00000088870",37,128,19,10
"ENSMUSG00000088885",32509,29013,92352,82448
"ENSMUSG00000088891",25616,21794,51408,51049
"ENSMUSG00000088900",1541,1450,193,163
"ENSMUSG00000089029",75,5,10,0
"ENSMUSG00000089040",2371,2216,5780,9609
"ENSMUSG00000089125",4,13,13,0
"ENSMUSG00000089134",5312,5324,457,1417
"ENSMUSG00000089155",1834,1082,6470,3714
"ENSMUSG00000089175",8984,9549,852,571
"ENSMUSG00000089229",465,530,505,327
"ENSMUSG00000089280",6810,5713,19337,17932
"ENSMUSG00000089323",1201,904,2690,2120
"ENSMUSG00000089326",5501,6923,16682,10460
"ENSMUSG00000089332",3169,2561,11793,12087
"ENSMUSG00000089414",4115,4634,14790,18642
"ENSMUSG00000089450",196,196,549,537
"ENSMUSG00000089568",5914,6180,6281,5592
"ENSMUSG00000089576",2295,4249,10327,9650
"ENSMUSG00000089718",108,259,49,0
"ENSMUSG00000089737",2853,3320,7997,6226
"ENSMUSG00000089774",137,109,475,494
"ENSMUSG00000089794",0,0,0,0
"ENSMUSG00000089820",30868,28739,4779,3265
"ENSMUSG00000090080",3935,2133,11092,9982
"ENSMUSG00000090100",1190,910,98,160
"ENSMUSG00000090187",933,1134,1005,957
"ENSMUSG00000090220",967,1891,3622,4546
"ENSMUSG00000090258",3293,2519,8912,9709
"ENSMUSG00000090266",1653,1729,198,198
"ENSMUSG00000090328",0,0,0,0
"ENSMUSG00000090346",75,43,7,8
"ENSMUSG00000090467",318,563,53,93
"ENSMUSG00000090472",0,0,0,0
"ENSMUSG00000090497",0,0,0,0
"ENSMUSG00000090722",8545,9519,35393,33739
"ENSMUSG00000090777",80,29,4,15
"ENSMUSG00000090795",2702,2554,620,199
"ENSMUSG00000090874",117,167,227,260
"ENSMUSG00000090957",861,620,77,135
"ENSMUSG00000091020",687,964,68,65
"ENSMUSG00000091021",2761,3797,465,649
"ENSMUSG00000091043",5717,4106,7474,9072
"ENSMUSG00000091076",8900,14194,2294,1639
"ENSMUSG00000091087",761,644,2392,1700
"ENSMUSG00000091149",2380,2618,179,330
"ENSMUSG00000091198",1473,1259,92,191
"ENSMUSG00000091227",11301,17204,33880,37333
"ENSMUSG00000091378",9160,10834,43010,40096
"ENSMUSG00000091387",218,149,18,9
"ENSMUSG00000091438",823,1344,2293,2591
"ENSMUSG00000091442",7452,5684,774,1191
"ENSMUSG00000091477",279,164,806,825
"ENSMUSG00000091526",0,0,0,0
"ENSMUSG00000091562",11589,8044,1052,847
"ENSMUSG00000091618",12665,14443,2005,1389
"ENSMUSG00000091779",2336,2032,8573,6667
"ENSMUSG00000091816",79,59,8,17
"ENSMUSG00000091867",10133,10743,1070,1129
"ENSMUSG00000092185",801,645,2901,2255
"ENSMUSG00000092191",27,78,231,202
"ENSMUSG00000092199",1769,1482,7500,5174
"ENSMUSG00000092248",20316,22955,2696,2042
"ENSMUSG00000092290",359,619,34,53
"ENSMUSG00000092298",0,0,0,0
"ENSMUSG00000092330",1294,1996,138,122
"ENSMUSG00000092366",4800,5685,22854,19174
"ENSMUSG00000092388",6327,4985,724,333
"ENSMUSG00000092504",985,837,25,146
"ENSMUSG00000092591",15665,14161,47882,43703
"ENSMUSG00000092619",4241,2752,637,538
"ENSMUSG00000092649",2445,2225,154,293
"ENSMUSG00000092656",412,371,187,259
"ENSMUSG00000092692",3,4,0,5
"ENSMUSG00000092805",673,687,1838,855
"ENSMUSG00000092806",2330,2754,5775,3657
"ENSMUSG00000092853",0,0,0,0
"ENSMUSG00000092884",441,709,1557,1084
"ENSMUSG00000092906",7535,10311,20619,20474
"ENSMUSG00000092978",0,0,0,0
"ENSMUSG00000092998",2963,3266,12464,11957
"ENSMUSG00000093067",1444,1351,169,135
"ENSMUSG00000093068",704,284,2342,1579
"ENSMUSG00000093086",4188,7672,9426,14513
"ENSMUSG00000093087",801,775,81,65
"ENSMUSG00000093113",1720,1689,7118,5274
"ENSMUSG00000093147",1170,1918,4654,4404
"ENSMUSG00000093201",10651,8838,38419,42524
"ENSMUSG00000093357",8982,11687,1022,953
"ENSMUSG00000093359",3648,6662,615,873
"ENSMUSG00000093433",0,0,0,0
"ENSMUSG00000093472",4561,2784,6488,6194
"ENSMUSG00000093493",0,0,0,0
"ENSMUSG00000093554",109,139,268,269
"ENSMUSG00000093651",7,6,3,8
"ENSMUSG00000093672",60,40,147,34
"ENSMUSG00000093693",60,22,215,120
"ENSMUSG00000093744",5,1,2,2
"ENSMUSG00000093832",4417,3921,713,411
"ENSMUSG00000093980",65,9,132,105
"ENSMUSG00000094074",11998,8556,1576,1907
"ENSMUSG00000094141",62,106,311,193
"ENSMUSG00000094152",32587,28096,4513,5231
"ENSMUSG00000094198",185,94,438,298
"ENSMUSG00000094335",34619,24939,54250,51672
"ENSMUSG00000094380",48,63,8,5
"ENSMUSG00000094440",2482,1896,111,320
"ENSMUSG00000094460",1876,1170,119,375
"ENSMUSG00000094480",888,464,110,122
"ENSMUSG00000094556",1402,315,337,790
"ENSMUSG00000094671",236,369,800,1071
"ENSMUSG00000094674",724,1021,93,65
"ENSMUSG00000094700",265,305,1014,526
"ENSMUSG00000094711",3,2,2,3
"ENSMUSG00000094753",1066,1846,199,126
"ENSMUSG00000094856",0,0,0,0
"ENSMUSG00000094871",1159,995,3767,4277
"ENSMUSG00000094887",55,92,141,196
"ENSMUSG00000094927",0,0,0,0
"ENSMUSG00000094929",595,1506,2319,3112
"ENSMUSG00000095004",2384,2615,5363,4221
"ENSMUSG00000095029",2872,2813,5756,6756
"ENSMUSG00000095070",4261,4497,13999,16108
"ENSMUSG00000095084",2152,1239,133,191
"ENSMUSG00000095093",0,0,0,0
"ENSMUSG00000095163",700,581,41,75
"ENSMUSG00000095176",0,0,0,0
"ENSMUSG00000095191",15521,10591,56392,41429
"ENSMUSG00000095220",120,52,13,7
"ENSMUSG00000095232",0,0,0,3
"ENSMUSG00000095266",3320,2474,10204,11098
"ENSMUSG00000095354",1384,952,228,121
"ENSMUSG00000095390",242,381,81,22
"ENSMUSG00000095403",1642,3170,7922,8289
"ENSMUSG00000095420",2933,3039,189,469
"ENSMUSG00000095455",3126,4046,10330,9496
"ENSMUSG00000095542",9490,9059,41636,33518
"ENSMUSG00000095593",0,0,0,0
"ENSMUSG00000095646",90,49,270,166
"ENSMUSG00000095660",2470,4758,11420,15082
"ENSMUSG00000095664",52,20,67,83
"ENSMUSG00000095690",1264,1819,7518,4623
"ENSMUSG00000095713",3755,2021,199,403
"ENSMUSG00000095849",0,101,8,5
"ENSMUSG00000095876",4583,4124,476,360
"ENSMUSG00000095893",1215,1715,2602,3316
"ENSMUSG00000095948",2114,1407,225,171
"ENSMUSG00000095949",661,835,2086,824
"ENSMUSG00000095962",4604,3325,481,787
"ENSMUSG00000095986",53,427,789,1122
"ENSMUSG00000096000",60,101,9,6
"ENSMUSG00000096056",89,118,233,152
"ENSMUSG00000096110",164,317,11,72
"ENSMUSG00000096140",0,0,0,0
"ENSMUSG00000096187",1027,651,444,619
"ENSMUSG00000096307",6779,8325,23068,18835
"ENSMUSG00000096344",2524,2683,9469,9033
"ENSMUSG00000096363",5346,4975,719,750
"ENSMUSG00000096393",4767,4831,580,830
"ENSMUSG00000096417",61,29,2,12
"ENSMUSG00000096507",18103,18940,65006,82548
"ENSMUSG00000096524",0,135,118,138
"ENSMUSG00000096582",112,85,0,18
"ENSMUSG00000096643",51,35,131,177
"ENSMUSG00000096688",1788,1621,3797,5317
"ENSMUSG00000096695",6713,5409,21046,25372
"ENSMUSG00000096700",3393,3571,11781,9252
"ENSMUSG00000096726",3960,3185,591,496
"ENSMUSG00000096830",30537,29898,2373,3126
"ENSMUSG00000096861",7931,8622,918,1027
"ENSMUSG00000096865",8137,8473,25215,20257
"ENSMUSG00000096900",2027,2232,4763,4979
"ENSMUSG00000096904",4359,4000,378,446
"ENSMUSG00000096924",5936,6575,601,930
"ENSMUSG00000096956",5716,4558,20362,16223
"ENSMUSG00000096979",16427,19219,62468,64197
"ENSMUSG00000097048",678,1170,103,170
"ENSMUSG00000097079",88,22,174,234
"ENSMUSG00000097102",260,192,5,44
"ENSMUSG00000097104",0,0,0,0
"ENSMUSG00000097109",155,69,659,234
"ENSMUSG00000097173",31315,25459,4477,3910
"ENSMUSG00000097188",3805,3748,457,304
"ENSMUSG00000097190",5734,5882,806,474
"ENSMUSG00000097203",3,4,17,0
"ENSMUSG00000097252",1879,3290,170,311
"ENSMUSG00000097281",48,65,0,426
"ENSMUSG00000097336",0,5,2,3
"ENSMUSG00000097343",393,463,42,63
"ENSMUSG00000097407",8739,6002,15512,20787
"ENSMUSG00000097443",873,1650,3720,4510
"ENSMUSG00000097727",42,32,8,5
"ENSMUSG00000097733",1237,1780,2960,2665
"ENSMUSG00000097745",0,0,0,0
"ENSMUSG00000097761",0,0,0,0
"ENSMUSG00000097781",697,1372,4255,3690
"ENSMUSG00000097793",210,207,54,18
"ENSMUSG00000097820",2087,2157,8605,6055
"ENSMUSG00000097843",2399,1664,277,252
"ENSMUSG00000097862",12374,10956,23691,31098
"ENSMUSG00000097893",1096,861,1496,2181
