"qty_biological_replicates","tool","accuracy","precision","recall","specificity","SDND"
3,"DEGRE-BON",10,0.908155537565613,0.536228518346493,0.603029511621833,0.94205547818013
2,"DEGRE-BON",10,0.900660695166218,0.503012774162449,0.545050927135022,0.940169452181987
4,"DEGRE-BON",10,0.906014154022929,0.52619589977221,0.603290676416819,0.939647168059424
5,"DEGRE-BON",10,0.904917347818139,0.521619135234591,0.592321755027422,0.939647168059424
6,"DEGRE-BON",10,0.904447288016087,0.519075403949731,0.604074170801776,0.937819173630455
7,"DEGRE-BON",10,0.900373436398297,0.501519756838906,0.603290676416819,0.933379758588672
8,"DEGRE-BON",10,0.896612957981877,0.485894097222222,0.584747975972839,0.931261606313835
9,"DEGRE-BON",10,0.89449768887264,0.477605603905753,0.587620788717681,0.928592154131848
10,"DEGRE-BON",10,0.891494529026193,0.466516023007395,0.593105249412379,0.924646007428041
15,"DEGRE-BON",10,0.878567884469746,0.423457020324445,0.593105249412379,0.910283194057567
2,"DEGRE-BH",10,0.871308071971379,0.412486064659978,0.676416819012797,0.892960770659239
3,"DEGRE-BH",10,0.882850651555115,0.445693503058357,0.704100287281274,0.902710074280409
4,"DEGRE-BH",10,0.876922675162562,0.430915911222257,0.720031339775398,0.894353528319406
5,"DEGRE-BH",10,0.872770480244431,0.42187265917603,0.735440062679551,0.88802808727948
6,"DEGRE-BH",10,0.868435484292168,0.414461582000849,0.764951684512928,0.879932683379759
7,"DEGRE-BH",10,0.860026636722116,0.397756110591692,0.777748759467224,0.86916782729805
8,"DEGRE-BH",10,0.855299924268143,0.388860036354194,0.78218856098198,0.863422701949861
9,"DEGRE-BH",10,0.851121614916564,0.381877839475013,0.790284669626534,0.857880687093779
10,"DEGRE-BH",10,0.841328702373802,0.365882774262863,0.800470096630974,0.845868152274837
15,"DEGRE-BH",10,0.823283628861672,0.343556975505857,0.842517628623662,0.821146703806871
2,"DESeq2",10,0.925756665709137,0.605072463768116,0.74144685296422,0.946233751160631
3,"DESeq2",10,0.942992191784399,0.700438382854359,0.751109950378689,0.964310584958217
4,"DESeq2",10,0.951871099156504,0.749246987951807,0.779576913032123,0.971013231197772
5,"DESeq2",10,0.951374924921004,0.7381932671349,0.796030295116218,0.968633936861653
6,"DESeq2",10,0.958347478651451,0.781077000503271,0.810655523635414,0.974756267409471
7,"DESeq2",10,0.962238529235108,0.804031640724675,0.822930268999739,0.977715877437326
8,"DESeq2",10,0.96132452406445,0.790594059405941,0.834160355184121,0.975452646239554
9,"DESeq2",10,0.959836001357951,0.768204167642238,0.856881692347871,0.971274373259053
10,"DESeq2",10,0.956623926043924,0.741640659830584,0.868895272917211,0.966370705663881
15,"DESeq2",10,0.935627921552242,0.623238164076617,0.900757377905458,0.93950208913649
2,"edgeR",10,0.967905361293187,0.999231950844854,0.679550796552625,0.999941968430826
3,"edgeR",10,0.972449272713029,0.983275261324042,0.737007051449465,0.998607242339833
4,"edgeR",10,0.975478546992923,0.97346002621232,0.775920605902324,0.997649721448468
5,"edgeR",10,0.976549238764265,0.976275593110172,0.78453904413685,0.997881847725163
6,"edgeR",10,0.976705925364949,0.96251968503937,0.798119613476103,0.996547121634169
7,"edgeR",10,0.976026950095318,0.94715821812596,0.805171062940716,0.995009285051068
8,"edgeR",10,0.975165173791555,0.941953316953317,0.800992426220945,0.994516016713092
9,"edgeR",10,0.975765805760844,0.930798930798931,0.818490467484983,0.993239322191272
10,"edgeR",10,0.974695113989502,0.90950744558992,0.82945938887438,0.990831012070566
15,"edgeR",10,0.966547410753924,0.815502724120852,0.860015669887699,0.978383240482823
3,"DEGRE-BON",10,0.905648551954665,0.530892448512586,0.48472185949334,0.952414113277623
2,"DEGRE-BON",10,0.899537774527982,0.497443181818182,0.457299556019849,0.948671077065924
4,"DEGRE-BON",10,0.894706604340219,0.467478372316565,0.381039435884043,0.951775766016713
5,"DEGRE-BON",10,0.891572872326535,0.446184605131623,0.349699660485767,0.951775766016713
6,"DEGRE-BON",10,0.885409866032956,0.403052375997225,0.303473491773309,0.950063834726091
7,"DEGRE-BON",10,0.883477397957851,0.393326592517695,0.304779315748237,0.947771587743733
8,"DEGRE-BON",10,0.879690805107983,0.376035691523263,0.30817445808305,0.943187093779016
9,"DEGRE-BON",10,0.875799754524326,0.358126721763085,0.305562810133194,0.939153899721448
10,"DEGRE-BON",10,0.872430992609615,0.345523698069046,0.308435622878036,0.935091689879294
15,"DEGRE-BON",10,0.860992870759669,0.303006329113924,0.300078349438496,0.923311281337047
2,"DEGRE-BH",10,0.868905544094221,0.393260440939236,0.572995560198485,0.901781569173631
3,"DEGRE-BH",10,0.884078029927141,0.439747135519557,0.581352833638026,0.917711234911792
4,"DEGRE-BH",10,0.870054579165905,0.378056559642781,0.464351005484461,0.915128830083565
5,"DEGRE-BH",10,0.864204946073695,0.355288157061431,0.439540349960825,0.911385793871866
6,"DEGRE-BH",10,0.857441307810827,0.326816829579261,0.401671454687908,0.908077994428969
7,"DEGRE-BH",10,0.84610764369467,0.301079414032382,0.407939409767563,0.894788765088208
8,"DEGRE-BH",10,0.842190478677565,0.294161398289327,0.413162705667276,0.889856081708449
9,"DEGRE-BH",10,0.837803253858408,0.282266910420475,0.403238443457822,0.886084029712163
10,"DEGRE-BH",10,0.830125610424882,0.273604060913706,0.422303473491773,0.875435236768802
15,"DEGRE-BH",10,0.815005353458857,0.251867662753469,0.431444241316271,0.857619545032498
2,"DESeq2",10,0.834486720810592,0.336034505293426,0.67145468790807,0.852599814298979
3,"DESeq2",10,0.898205938422166,0.493123380506279,0.646121702794463,0.926212859795729
4,"DESeq2",10,0.915101976862612,0.566836262719704,0.640114912509794,0.945653435468895
5,"DESeq2",10,0.924685973937795,0.6168108776267,0.651606163489162,0.955025533890436
6,"DESeq2",10,0.938578852531794,0.700515883790388,0.673805171062941,0.967995589600743
7,"DESeq2",10,0.949703601180372,0.761042524005487,0.724471141290154,0.974727251624884
8,"DESeq2",10,0.945446948528452,0.729915433403805,0.721337163750326,0.970345868152275
9,"DESeq2",10,0.944245684589873,0.712174348697395,0.742491512144163,0.966660863509749
10,"DESeq2",10,0.940537435040347,0.681139122315593,0.762078871768086,0.96036443825441
15,"DESeq2",10,0.928289765753532,0.608669476219145,0.792112823191434,0.94341922005571
2,"edgeR",10,0.946700441333925,0.998883928571429,0.467484983024288,0.999941968430826
3,"edgeR",10,0.955814378607056,0.993533487297921,0.561765474014103,0.999593779015785
4,"edgeR",10,0.960619434361372,0.982536382536383,0.617132410551058,0.998781337047354
5,"edgeR",10,0.96281304677095,0.96662786185487,0.650561504309219,0.997504642525534
6,"edgeR",10,0.96479774371295,0.959955506117909,0.676155654217811,0.996866295264624
7,"edgeR",10,0.965555062282924,0.956363636363636,0.686863410812222,0.996518105849582
8,"edgeR",10,0.964928315880187,0.955979457079971,0.680595455732567,0.996518105849582
9,"edgeR",10,0.966260151986003,0.951584193663225,0.698093496996605,0.996053853296193
10,"edgeR",10,0.968558222129371,0.952118498105408,0.721859493340298,0.995966805942433
15,"edgeR",10,0.964092654009871,0.876842751842752,0.745625489683991,0.988364670380687
3,"DEGRE-BON",10,0.904029457080929,0.528667163067759,0.370854008879603,0.963266016713092
2,"DEGRE-BON",10,0.900007834330034,0.5,0.39018020370854,0.956650417827298
4,"DEGRE-BON",10,0.892460763063745,0.437956204379562,0.266388090885349,0.962018337975859
5,"DEGRE-BON",10,0.89013657848693,0.414246823956443,0.238443457821886,0.962540622098422
6,"DEGRE-BON",10,0.887499020708746,0.388656438865644,0.218333768607992,0.961844243268338
7,"DEGRE-BON",10,0.882720079387878,0.357817869415808,0.217550274223035,0.956621402042711
8,"DEGRE-BON",10,0.879403546340062,0.341756919374248,0.222512405327762,0.952385097493036
9,"DEGRE-BON",10,0.876635416394641,0.330428192497158,0.227735701227475,0.948729108635098
10,"DEGRE-BON",10,0.875825868957773,0.332246376811594,0.239488117001828,0.9465239090065
15,"DEGRE-BON",10,0.870237380200037,0.300280308339173,0.22381822930269,0.94205547818013
2,"DEGRE-BH",10,0.872848823544773,0.393179950698439,0.499869417602507,0.914287372330548
3,"DEGRE-BH",10,0.884861462930562,0.427427427427427,0.446069469835466,0.933611884865367
4,"DEGRE-BH",10,0.873344997780273,0.359637063513885,0.341603551841212,0.932422237697307
5,"DEGRE-BH",10,0.87049852453451,0.338016055045872,0.307913293288065,0.933002553389044
6,"DEGRE-BH",10,0.863943801739221,0.30652843933875,0.285714285714286,0.928185933147632
7,"DEGRE-BH",10,0.855247695401248,0.287239324726912,0.302167667798381,0.916695682451253
8,"DEGRE-BH",10,0.848379599404591,0.270276551243319,0.303734656568295,0.9088904363974
9,"DEGRE-BH",10,0.844540777687828,0.261455525606469,0.30399582136328,0.904596100278552
10,"DEGRE-BH",10,0.842660538479618,0.267076792532881,0.328806476886916,0.899750464252553
15,"DEGRE-BH",10,0.833180999138224,0.246181313231502,0.324105510577174,0.889740018570102
2,"DESeq2",10,0.699135612252892,0.0943893693313647,0.233742491512144,0.750841457753018
3,"DESeq2",10,0.811532133810357,0.132537960954447,0.159571689736224,0.883965877437326
4,"DESeq2",10,0.833128770271329,0.161332980692938,0.159310524941238,0.907990947075209
5,"DESeq2",10,0.847883425169091,0.186163522012579,0.154609558631496,0.924907149489322
6,"DESeq2",10,0.863813229571984,0.236902050113895,0.162966832071037,0.941678272980501
7,"DESeq2",10,0.876661530828089,0.331447963800905,0.229563854792374,0.948555013927577
8,"DESeq2",10,0.875669182357089,0.337517433751743,0.252807521546096,0.944870009285051
9,"DESeq2",10,0.875225236988484,0.343760289759631,0.272656045965004,0.942171541318477
10,"DESeq2",10,0.874206774084036,0.350484261501211,0.302428832593366,0.937732126276695
15,"DESeq2",10,0.866059070848458,0.331344058121432,0.333507443196657,0.925226323119777
2,"edgeR",10,0.880578695845194,0.207086614173228,0.0686863410812222,0.970781104921077
3,"edgeR",10,0.893087509466482,0.425098925946863,0.196395925829198,0.970490947075209
4,"edgeR",10,0.891990703261693,0.413325804630152,0.191172629929485,0.969852599814299
5,"edgeR",10,0.896273470347061,0.464551313832424,0.244711412901541,0.96866295264624
6,"edgeR",10,0.899433316794192,0.49496336996337,0.282319143379472,0.967995589600743
7,"edgeR",10,0.900817381766903,0.50687971593431,0.298250195873596,0.967763463324048
8,"edgeR",10,0.904551745749876,0.537021276595745,0.329589971271873,0.968430826369545
9,"edgeR",10,0.906379756091192,0.551003344481605,0.344215199791068,0.96883704735376
10,"edgeR",10,0.910610294309665,0.580047318611987,0.38417341342387,0.969098189415042
15,"edgeR",10,0.912281618050296,0.583215297450425,0.430138417341342,0.965848421541318
3,"DEGRE-BON",10,0.903115451910271,0.527584608252202,0.297205536693654,0.970432915506035
2,"DEGRE-BON",10,0.901444128169639,0.510373443983402,0.353355967615565,0.962337511606314
4,"DEGRE-BON",10,0.894210430104719,0.438674033149171,0.207364847218595,0.970519962859796
5,"DEGRE-BON",10,0.891102812524482,0.402959590210586,0.18490467484983,0.969562441968431
6,"DEGRE-BON",10,0.889170344449377,0.384529771841959,0.180464873335074,0.967908542246982
7,"DEGRE-BON",10,0.88478311963022,0.347142108023073,0.172891094280491,0.963875348189415
8,"DEGRE-BON",10,0.881257671114825,0.332867783985102,0.18673282841473,0.958420380687094
9,"DEGRE-BON",10,0.878620113336641,0.319524019391803,0.189344476364586,0.955199628597957
10,"DEGRE-BON",10,0.879690805107983,0.325247079964061,0.1890833115696,0.956418291550604
15,"DEGRE-BON",10,0.879064058705246,0.32396839332748,0.192739618699399,0.955315691736305
2,"DEGRE-BH",10,0.87496409265401,0.391736283585459,0.453120919300078,0.92183147632312
3,"DEGRE-BH",10,0.885932154701904,0.41948013146101,0.366675372159833,0.943622330547818
4,"DEGRE-BH",10,0.878620113336641,0.359616043880699,0.273961869939932,0.945798514391829
5,"DEGRE-BH",10,0.875486381322957,0.329829648423342,0.237659963436929,0.946349814298979
6,"DEGRE-BH",10,0.87198704724101,0.314424074714632,0.237398798641943,0.942490714948932
7,"DEGRE-BH",10,0.86326482646959,0.28413623810985,0.241838600156699,0.93230617455896
8,"DEGRE-BH",10,0.85691901914188,0.268128161888702,0.249151214416297,0.924442896935933
9,"DEGRE-BH",10,0.854882093332985,0.266612641815235,0.257769652650823,0.921222144846797
10,"DEGRE-BH",10,0.852531794322722,0.25965097831835,0.256463828675895,0.918755803156917
15,"DEGRE-BH",10,0.846891076698091,0.251708984375,0.269260903630191,0.911066620241411
2,"DESeq2",10,0.674091870576868,0.0897277814663758,0.247061896056412,0.721535515320334
3,"DESeq2",10,0.800720758363147,0.108525535420099,0.13763384695743,0.874390668523677
4,"DESeq2",10,0.827696968114277,0.133439237490071,0.131627056672761,0.905031337047354
5,"DESeq2",10,0.844279633353354,0.153120936280884,0.123008618438235,0.924413881151346
6,"DESeq2",10,0.860340009923485,0.198969480776853,0.131104727082789,0.941359099350046
7,"DESeq2",10,0.874676833886089,0.308451816745656,0.203969704883782,0.949193361188487
8,"DESeq2",10,0.877262162797378,0.326286398085361,0.21363280229825,0.950992339832869
9,"DESeq2",10,0.875251351421931,0.331914893617021,0.244450248106555,0.94533426183844
10,"DESeq2",10,0.87734050609772,0.35667107001321,0.282057978584487,0.943477251624884
15,"DESeq2",10,0.870263494633484,0.342024965325936,0.322016192217289,0.931174558960074
2,"edgeR",10,0.879925835009009,0.18815896188159,0.0605902324366675,0.970955199628598
3,"edgeR",10,0.884965920664351,0.298601398601399,0.111517367458867,0.970897168059424
4,"edgeR",10,0.893139738333377,0.426165075800112,0.198224079394098,0.970345868152275
5,"edgeR",10,0.886114955736035,0.332070707070707,0.137372682162444,0.96930129990715
6,"edgeR",10,0.890293265087614,0.396436525612472,0.185949334029773,0.968546889507892
7,"edgeR",10,0.893818713603008,0.438948995363215,0.222512405327762,0.968401810584958
8,"edgeR",10,0.898127595121824,0.482625482625483,0.261164794985636,0.968895078922934
9,"edgeR",10,0.899119943592824,0.491920152091255,0.270305562810133,0.968982126276695
10,"edgeR",10,0.904734546784008,0.539536915683705,0.32253852180726,0.969417363045497
15,"edgeR",10,0.910323035541744,0.577909270216962,0.382606424653957,0.968953110492108
3,"DEGRE-BON",10,0.903428825111639,0.535539880629409,0.257769652650823,0.975162488393686
2,"DEGRE-BON",10,0.90123521270206,0.509886411442995,0.316531731522591,0.96619661095636
4,"DEGRE-BON",10,0.896769644582561,0.461538461538462,0.194306607469313,0.974814298978644
5,"DEGRE-BON",10,0.891259499125166,0.390307793058284,0.155654217811439,0.972986304549675
6,"DEGRE-BON",10,0.890893897056903,0.385121790651745,0.152781405066597,0.972899257195915
7,"DEGRE-BON",10,0.886715587705325,0.352805089647195,0.159310524941238,0.967531337047354
8,"DEGRE-BON",10,0.882850651555115,0.326465927099842,0.161399843301123,0.963004874651811
9,"DEGRE-BON",10,0.881022641213799,0.30797675647121,0.152259075476626,0.961989322191272
10,"DEGRE-BON",10,0.882093332985141,0.317553191489362,0.155915382606425,0.962772748375116
15,"DEGRE-BON",10,0.883634084558536,0.335777894185437,0.167406633585793,0.963207985143918
2,"DEGRE-BH",10,0.880448123677957,0.404097311139565,0.412118046487334,0.932480269266481
3,"DEGRE-BH",10,0.887864622777009,0.418904778514126,0.313658918777749,0.951659702878366
4,"DEGRE-BH",10,0.885801582534667,0.39093825180433,0.254635675110995,0.955925023212628
5,"DEGRE-BH",10,0.880291437077273,0.339702760084926,0.208931835988509,0.954880454967502
6,"DEGRE-BH",10,0.87744496383151,0.319397993311037,0.199529903369026,0.952762302692665
7,"DEGRE-BH",10,0.869819549264879,0.291184971098266,0.210498824758423,0.943071030640669
8,"DEGRE-BH",10,0.863238712036142,0.269633507853403,0.215199791068164,0.935236768802228
9,"DEGRE-BH",10,0.861384587261379,0.260911736178468,0.210759989553408,0.93366991643454
10,"DEGRE-BH",10,0.861123442926906,0.261912376079309,0.213893967093236,0.933031569173631
15,"DEGRE-BH",10,0.857989710913222,0.259203831188267,0.226168712457561,0.928185933147632
2,"DESeq2",10,0.667928864283289,0.072617101086852,0.197179420214155,0.720229805013928
3,"DESeq2",10,0.80941686470112,0.0801258775114984,0.0864455471402455,0.889740018570102
4,"DESeq2",10,0.833755516674066,0.0850507033038927,0.0679028466962653,0.918842850510678
5,"DESeq2",10,0.853550257227169,0.116760017233951,0.0707756594411073,0.940517641597029
6,"DESeq2",10,0.867364792520826,0.144886363636364,0.0665970227213372,0.956331244196843
7,"DESeq2",10,0.883712427858878,0.304020100502513,0.126403760773048,0.967850510677809
8,"DESeq2",10,0.883973572193351,0.330199115044248,0.155915382606425,0.964861884865367
9,"DESeq2",10,0.883164024756483,0.341054706752095,0.18072603813006,0.961205896007428
10,"DESeq2",10,0.884600318596088,0.368655387355298,0.216244450248107,0.958855617455896
15,"DESeq2",10,0.882276134019272,0.373932417378388,0.262992948550535,0.95107938718663
2,"edgeR",10,0.888439140312851,0.103756708407871,0.0151475581091669,0.985463091922006
3,"edgeR",10,0.888334682579061,0.0972972972972973,0.0141028989292243,0.985463091922006
4,"edgeR",10,0.896639072415324,0.427118644067797,0.0987202925045704,0.985288997214485
5,"edgeR",10,0.891233384691719,0.26536312849162,0.0496213110472708,0.984737697307335
6,"edgeR",10,0.890241036220719,0.255874673629243,0.0511882998171846,0.983461002785515
7,"edgeR",10,0.89439323113885,0.384284176533907,0.093235831809872,0.983402971216342
8,"edgeR",10,0.89846708275664,0.473206176203451,0.136066858187516,0.983170844939647
9,"edgeR",10,0.900530122998981,0.508756567425569,0.151736745886654,0.983722144846797
10,"edgeR",10,0.906667014859113,0.596664139499621,0.205536693653695,0.984563602599814
15,"edgeR",10,0.914005170657823,0.669620253164557,0.276312353094803,0.984853760445682
3,"DEGRE-BON",10,0.901182983835166,0.517985611510791,0.169234787150692,0.98250348189415
2,"DEGRE-BON",10,0.904264486981955,0.543190249072602,0.267693914860277,0.974988393686165
4,"DEGRE-BON",10,0.898075366254929,0.463725490196078,0.123530948028206,0.984128365831012
5,"DEGRE-BON",10,0.895202778575719,0.407630522088353,0.106032906764168,0.982880687093779
6,"DEGRE-BON",10,0.892852479565456,0.379188712522046,0.112300861843823,0.979572887650882
7,"DEGRE-BON",10,0.883816885592667,0.286795048143054,0.10890571950901,0.969910631383473
8,"DEGRE-BON",10,0.87833285456872,0.253562945368171,0.111517367458867,0.963527158774373
9,"DEGRE-BON",10,0.889248687749719,0.335987261146497,0.110211543483938,0.975800835654596
10,"DEGRE-BON",10,0.890920011490351,0.353288364249578,0.109428049098981,0.977744893221913
15,"DEGRE-BON",10,0.890006006319693,0.343161343161343,0.109428049098981,0.976729340761374
2,"DEGRE-BH",10,0.886297756770167,0.414910858995138,0.334290937581614,0.947626508820798
3,"DEGRE-BH",10,0.891468414592745,0.419179436480475,0.221467746147819,0.965906453110492
4,"DEGRE-BH",10,0.890476066121745,0.392583872866392,0.174196918255419,0.970055710306407
5,"DEGRE-BH",10,0.888465254746298,0.353448275862069,0.139200835727344,0.971709610027855
6,"DEGRE-BH",10,0.884600318596088,0.326470588235294,0.144946461217028,0.966776926648097
7,"DEGRE-BH",10,0.874154545217142,0.264509990485252,0.145207626012014,0.955141597028784
8,"DEGRE-BH",10,0.867547593554958,0.234741784037559,0.1436406372421,0.94797469823584
9,"DEGRE-BH",10,0.87932520303972,0.29047619047619,0.143379472447114,0.961089832869081
10,"DEGRE-BH",10,0.879090173138694,0.291297550807712,0.14599112039697,0.960538532961931
15,"DEGRE-BH",10,0.875303580288826,0.271055179090029,0.146252285191956,0.956302228412256
2,"DESeq2",10,0.665996396208184,0.0921256258534365,0.264298772525464,0.710625580315692
3,"DESeq2",10,0.82310082782754,0.140766040497682,0.150692086706712,0.897806406685237
4,"DESeq2",10,0.849110803541117,0.16245237270523,0.122486288848263,0.929839832869081
5,"DESeq2",10,0.872848823544773,0.230010384215992,0.115696004178637,0.956969591457753
6,"DESeq2",10,0.885749353667772,0.303597122302158,0.110211543483938,0.971912720519963
7,"DESeq2",10,0.892460763063745,0.374891774891775,0.11308435622878,0.979050603528319
8,"DESeq2",10,0.894706604340219,0.401168451801363,0.107599895534082,0.982155292479109
9,"DESeq2",10,0.899929491029692,0.498467824310521,0.12744841995299,0.985753249767874
10,"DESeq2",10,0.90807719426527,0.597230962869729,0.247845390441368,0.981429897864438
15,"DESeq2",10,0.906510328258428,0.56661316211878,0.276573517889788,0.97649721448468
2,"edgeR",10,0.900921839500692,0.972972972972973,0.00940193261948289,0.999970984215413
3,"edgeR",10,0.90034732196485,1,0.00339514233481327,1
4,"edgeR",10,0.900295093097955,1,0.002872812744842,1
5,"edgeR",10,0.90073903846656,0.911764705882353,0.00809610864455471,0.99991295264624
6,"edgeR",10,0.902070874572376,0.987654320987654,0.0208931835988509,0.999970984215413
7,"edgeR",10,0.907345990128744,0.940438871473354,0.0783494384956908,0.99944870009285
8,"edgeR",10,0.90956571697177,0.937799043062201,0.102376599634369,0.999245589600743
9,"edgeR",10,0.913665683023007,0.947008547008547,0.144685296422042,0.999100510677809
10,"edgeR",10,0.918209594442849,0.967785234899329,0.188299817184644,0.999303621169916
15,"edgeR",10,0.928368109053874,0.999080882352941,0.283886132149386,0.999970984215413
3,"DEGRE-BON",10,0.902854307575797,0.561167227833894,0.130582397492818,0.988654828226555
2,"DEGRE-BON",10,0.907032616927376,0.58594249201278,0.239488117001828,0.981197771587744
4,"DEGRE-BON",10,0.89896325699214,0.46969696969697,0.0809610864455471,0.989844475394615
5,"DEGRE-BON",10,0.897213589951166,0.42120765832106,0.0746931313658919,0.988596796657382
6,"DEGRE-BON",10,0.891285613558614,0.316885964912281,0.0754766257508488,0.981923166202414
7,"DEGRE-BON",10,0.884521975295746,0.2727969348659,0.0929746670148864,0.972464020427112
8,"DEGRE-BON",10,0.879272974172825,0.227335164835165,0.0864455471402455,0.967357242339833
9,"DEGRE-BON",10,0.892460763063745,0.326530612244898,0.071036824236093,0.983722144846797
10,"DEGRE-BON",10,0.893374768234403,0.347721822541966,0.0757377905458344,0.984215413184773
15,"DEGRE-BON",10,0.894628261039877,0.383747178329571,0.0887960302951162,0.984157381615599
2,"DEGRE-BH",10,0.892277962029614,0.443295019157088,0.302167667798381,0.957840064995357
3,"DEGRE-BH",10,0.895933982712245,0.446280991735537,0.169234787150692,0.976671309192201
4,"DEGRE-BH",10,0.893844828036456,0.394075403949731,0.114651344998694,0.9804143454039
5,"DEGRE-BH",10,0.892460763063745,0.361986628462273,0.098981457299556,0.980617455896007
6,"DEGRE-BH",10,0.886428328937404,0.295275590551181,0.0979367981196135,0.9740308727948
7,"DEGRE-BH",10,0.877758337032878,0.254041570438799,0.11491250979368,0.962511606313835
8,"DEGRE-BH",10,0.872300420442379,0.220642443391259,0.109428049098981,0.957056638811513
9,"DEGRE-BH",10,0.886689473271877,0.300156739811912,0.100026116479499,0.974088904363974
10,"DEGRE-BH",10,0.886689473271877,0.298578199052133,0.0987202925045704,0.974233983286908
15,"DEGRE-BH",10,0.885566552633641,0.305418719211823,0.113345521023766,0.971361420612813
2,"DESeq2",10,0.655837881597159,0.117430441898527,0.374771480804388,0.687064763231198
3,"DESeq2",10,0.827044107278093,0.193236714975845,0.22982501958736,0.893396007428041
4,"DESeq2",10,0.855796098503643,0.239297813366184,0.202925045703839,0.928331012070566
5,"DESeq2",10,0.879847491708667,0.330553116769096,0.196657090624184,0.955750928505107
6,"DESeq2",10,0.892852479565456,0.419883040935673,0.187516322799687,0.971216341689879
7,"DESeq2",10,0.901966416838587,0.52692031586504,0.191694959519457,0.980878597957289
8,"DESeq2",10,0.904003342647481,0.560666137985726,0.184643510054845,0.983925255338904
9,"DESeq2",10,0.907554905596323,0.625761531766754,0.187777487594672,0.987523212627669
10,"DESeq2",10,0.908703940668007,0.635255889520715,0.204230869678767,0.98697191272052
15,"DESeq2",10,0.913247852087849,0.667326732673267,0.264037607730478,0.985376044568245
2,"edgeR",10,0.900425665265192,1,0.00417863671977018,1
3,"edgeR",10,0.900321207531403,1,0.00313397753982763,1
4,"edgeR",10,0.900164520930718,1,0.00156698876991382,1
5,"edgeR",10,0.900033948763482,0.666666666666667,0.000522329589971272,0.999970984215413
6,"edgeR",10,0.900007834330034,1,0.000261096605744125,1
9,"edgeR",10,0.90073903846656,1,0.00731261425959781,1
10,"edgeR",10,0.904055571514376,0.92817679558011,0.0438756855575868,0.999622794800371
15,"edgeR",10,0.914240200558849,1,0.142334813267172,1
3,"DEGRE-BON",20,0.871464758572063,0.709539121114684,0.605039822431127,0.938075341124241
2,"DEGRE-BON",20,0.863055911002011,0.699685794608897,0.552421987204596,0.940719462035647
4,"DEGRE-BON",20,0.875982555558457,0.718665464382326,0.624363493928711,0.938891427825292
5,"DEGRE-BON",20,0.872169848275142,0.712484624846248,0.605039822431127,0.938956714761376
6,"DEGRE-BON",20,0.875695296790536,0.714772558897614,0.629847238542891,0.937161324019064
7,"DEGRE-BON",20,0.871882589507221,0.699869319006824,0.629324977151064,0.932525951557093
8,"DEGRE-BON",20,0.870785783302431,0.692515267717654,0.636636636636637,0.929326891688973
9,"DEGRE-BON",20,0.874807406053326,0.70020964360587,0.654132393262828,0.929979761049814
10,"DEGRE-BON",20,0.871308071971379,0.68811131009781,0.652173913043478,0.926095188352811
15,"DEGRE-BON",20,0.871125270937247,0.677760375880971,0.678025851938895,0.919403277404191
2,"DEGRE-BH",20,0.867756509022537,0.654188948306595,0.718762240501371,0.90500750799765
3,"DEGRE-BH",20,0.878489541169404,0.670756646216769,0.770857814336075,0.905399229614154
4,"DEGRE-BH",20,0.881127098947588,0.67297628326467,0.789136963050007,0.904126134360514
5,"DEGRE-BH",20,0.881231556681378,0.668947539915282,0.804151978065022,0.900502709407847
6,"DEGRE-BH",20,0.882667850520983,0.667406937394247,0.823997910954433,0.897336293007769
7,"DEGRE-BH",20,0.883007338155799,0.667016917095723,0.828828828828829,0.89655284977476
8,"DEGRE-BH",20,0.882615621654088,0.663531114327062,0.838098968533751,0.893745511523144
9,"DEGRE-BH",20,0.88567101036743,0.667860431801903,0.85220002611307,0.894039302735523
10,"DEGRE-BH",20,0.883999686626799,0.663349243424393,0.852852852852853,0.891786903440622
15,"DEGRE-BH",20,0.884051915493693,0.65787150564002,0.875701788745267,0.886139583469348
2,"DESeq2",10,0.876974904029457,0.697428341816234,0.679853766810289,0.926258405693021
3,"DESeq2",10,0.906144726190165,0.796585437034875,0.712756234495365,0.95449500554939
4,"DESeq2",10,0.913456767555428,0.809252669039146,0.742264003133568,0.95625775282366
5,"DESeq2",10,0.912072702582717,0.796081677704194,0.753362057709884,0.951752954233858
6,"DESeq2",10,0.926305068811532,0.841644300042379,0.777908343125734,0.963406672324868
7,"DESeq2",10,0.935157861750189,0.875181211945491,0.78822300561431,0.971893974015799
8,"DESeq2",10,0.938657195832136,0.879285714285714,0.803629716673195,0.972416269504472
9,"DESeq2",10,0.941320868043768,0.888458225667528,0.808068938503721,0.974636025331331
10,"DESeq2",10,0.943566709320241,0.882442960489705,0.828176002089046,0.972416269504472
15,"DESeq2",10,0.933826025644374,0.814224402207235,0.866953910432171,0.950545145916302
2,"edgeR",10,0.897161361084271,0.998659876708657,0.486486486486487,0.99983678265979
3,"edgeR",10,0.918470738777322,0.983379501385042,0.60255908081995,0.997453809492721
4,"edgeR",10,0.923275794531638,0.967703586288885,0.63768115942029,0.994679114709147
5,"edgeR",10,0.92583500900948,0.969596569869421,0.649562606084345,0.994907618985441
6,"edgeR",10,0.931815214268926,0.956419529837251,0.690560125342734,0.992132924201867
7,"edgeR",10,0.935157861750189,0.955313159746657,0.708969839404622,0.991708559117321
8,"edgeR",10,0.940224061838978,0.954622417880122,0.736127431779606,0.991251550564732
9,"edgeR",10,0.942365445381662,0.961408259986459,0.741611176393785,0.992557289286414
10,"edgeR",10,0.947980048572846,0.961406936980948,0.770857814336075,0.992263498074035
15,"edgeR",10,0.948450108374899,0.91856869385952,0.814466640553597,0.981948162172749
3,"DEGRE-BON",20,0.864283289374037,0.728810408921933,0.511946729338034,0.952373180126657
2,"DEGRE-BON",20,0.85096492831588,0.695356285028022,0.45358401880141,0.950316641640008
4,"DEGRE-BON",20,0.849659206643512,0.699454697986577,0.435435435435435,0.95322191029575
5,"DEGRE-BON",20,0.838482229128039,0.6679580674567,0.382687034860948,0.952438467062741
6,"DEGRE-BON",20,0.834852322878855,0.652432062114638,0.373025199112156,0.950316641640008
7,"DEGRE-BON",20,0.82944663515525,0.62657091561939,0.364538451494973,0.945681269178038
8,"DEGRE-BON",20,0.823858146397514,0.594970906068163,0.373808591199896,0.936377880786055
9,"DEGRE-BON",20,0.819679837045935,0.576970191915067,0.368977673325499,0.932362734216883
10,"DEGRE-BON",20,0.815214268926436,0.557033848561925,0.371719545632589,0.926095188352811
15,"DEGRE-BON",20,0.806021988352963,0.521088186963666,0.372633503068286,0.914376183325717
2,"DEGRE-BH",20,0.848510171571828,0.626051560379919,0.602428515471994,0.910034602076125
3,"DEGRE-BH",20,0.866294100749484,0.668973778783442,0.656221438830135,0.918815694979435
4,"DEGRE-BH",20,0.847413365367038,0.631175960704999,0.570440005222614,0.91666122608866
5,"DEGRE-BH",20,0.82657404747604,0.574699148811271,0.51129390259825,0.905399229614154
6,"DEGRE-BH",20,0.818034627738751,0.5502838014845,0.493667580624102,0.899131683750082
7,"DEGRE-BH",20,0.813177343117541,0.536420020193279,0.48557252905079,0.895083893712868
8,"DEGRE-BH",20,0.805786958451936,0.515451002227171,0.483483483483483,0.886368087745642
9,"DEGRE-BH",20,0.803227743974094,0.508525852585259,0.4828306567437,0.883332245217732
10,"DEGRE-BH",20,0.798657718120805,0.496545183579461,0.478522000261131,0.878696872755762
15,"DEGRE-BH",20,0.789778810748701,0.474474474474474,0.474474474474474,0.86861004113077
2,"DESeq2",10,0.775624787820228,0.454853382367173,0.613657135396266,0.816119344519162
3,"DESeq2",10,0.839474577599039,0.598643006263048,0.599033816425121,0.89958869230267
4,"DESeq2",10,0.859948293421774,0.664469914040115,0.605562083822953,0.923548997845531
5,"DESeq2",10,0.872561564776852,0.710817781823699,0.611698655176916,0.937781549911863
6,"DESeq2",10,0.890267150654167,0.772505123758474,0.639770204987596,0.952895475615329
7,"DESeq2",10,0.912908364453033,0.834054388133498,0.704791748270009,0.964940915322844
8,"DESeq2",10,0.910401378842086,0.815710872162485,0.713147930539235,0.959717960436117
9,"DESeq2",10,0.911367612879639,0.824433287692074,0.707533620577099,0.96232943787948
10,"DESeq2",10,0.907816049930797,0.800640745594874,0.717848283065674,0.955311092250441
15,"DESeq2",10,0.90222756117306,0.764348413234301,0.738999869434652,0.943037148266632
2,"edgeR",10,0.838299428093907,0.998640380693406,0.191800496148322,0.999934713063916
3,"edgeR",10,0.864126602773353,0.984609313338595,0.325760543151847,0.99872690474636
4,"edgeR",10,0.876922675162562,0.959451029320025,0.401619010314662,0.995756349154534
5,"edgeR",10,0.88567101036743,0.944218792309775,0.455281368324847,0.993275445583339
6,"edgeR",10,0.896821873449456,0.941008563273073,0.516516516516517,0.991904419925573
7,"edgeR",10,0.904421173582639,0.950439288127957,0.550855203029116,0.99281843703075
8,"edgeR",10,0.911132582978612,0.961205028175119,0.579057318187753,0.994156819220474
9,"edgeR",10,0.918314052176638,0.974848040243136,0.60725943334639,0.996082783834955
10,"edgeR",10,0.923719739900243,0.970974155069583,0.63768115942029,0.995234053665861
15,"edgeR",10,0.930666179197242,0.937259699405802,0.700221961091526,0.988280994972906
3,"DEGRE-BON",20,0.857284621210143,0.744538564422648,0.436088262175219,0.962590585623817
2,"DEGRE-BON",20,0.846185986995012,0.708657702288276,0.392218305261784,0.959685316968075
4,"DEGRE-BON",20,0.840388582769697,0.713615023474178,0.33738085911999,0.9661487236404
5,"DEGRE-BON",20,0.831222416629671,0.680337756332931,0.294555424990208,0.965397923875433
6,"DEGRE-BON",20,0.828323714517014,0.666666666666667,0.283326805065935,0.964581837174381
7,"DEGRE-BON",20,0.821325046353119,0.620608207853558,0.274448361404883,0.958053143565972
8,"DEGRE-BON",20,0.815083696759199,0.577646426652337,0.280715498106802,0.948684468237906
9,"DEGRE-BON",20,0.813151228684094,0.565693430656934,0.283326805065935,0.945615982241953
10,"DEGRE-BON",20,0.810827044107278,0.551991981959409,0.287635461548505,0.941633479140824
15,"DEGRE-BON",20,0.805421356383673,0.524656235182551,0.288941115028072,0.9345498465757
2,"DEGRE-BH",20,0.844096832319223,0.632553759221472,0.526178352265309,0.923581641313573
3,"DEGRE-BH",20,0.859190974851801,0.679152837047574,0.561039300169735,0.933733759874649
4,"DEGRE-BH",20,0.839840179667302,0.638525780682643,0.459198328763546,0.935006855128289
5,"DEGRE-BH",20,0.82161230512104,0.578054298642534,0.400313356835096,0.926943918521904
6,"DEGRE-BH",20,0.814639751390594,0.552459322984851,0.385690037863951,0.921884180975387
7,"DEGRE-BH",20,0.804611808946805,0.515716568993074,0.379161770466118,0.910981262649344
8,"DEGRE-BH",20,0.794662209803358,0.482954545454545,0.377333855594725,0.899001109877913
9,"DEGRE-BH",20,0.79236413965999,0.47653487624558,0.387126256691474,0.89368022458706
10,"DEGRE-BH",20,0.790405557151438,0.470465153709963,0.381642512077295,0.892602990141673
15,"DEGRE-BH",20,0.782675684851017,0.448484848484848,0.376811594202899,0.884148331918783
2,"DESeq2",10,0.599535163084637,0.176936026936027,0.274448361404883,0.680812169484886
3,"DESeq2",10,0.699736244222182,0.222815884476534,0.201462331897115,0.824312854997715
4,"DESeq2",10,0.720183845611469,0.248766853008879,0.197545371458415,0.850851994515897
5,"DESeq2",10,0.735591361345416,0.275573352748453,0.197675936806372,0.870078997192662
6,"DESeq2",10,0.78215339618207,0.435553878090206,0.301344823083953,0.902363387086244
7,"DESeq2",10,0.779489723970438,0.425873465533522,0.294424859642251,0.900763857152184
8,"DESeq2",10,0.778732405400465,0.428066454577589,0.316229272751012,0.894365737415943
9,"DESeq2",10,0.780482072441438,0.435144990449731,0.327196761979371,0.893810798459228
10,"DESeq2",10,0.780090355939728,0.439657903072537,0.362449405927667,0.884507410067246
15,"DESeq2",10,0.776094847622281,0.433628318584071,0.390259825042434,0.872559900763857
2,"edgeR",10,0.793826547933043,0.433106575963719,0.0997519258388824,0.967356531957955
3,"edgeR",10,0.784425351891991,0.291608391608392,0.054445750097924,0.966932166873409
4,"edgeR",10,0.791319562322095,0.409090909090909,0.0975323149236193,0.964777697982634
5,"edgeR",10,0.798971091322174,0.491298527443106,0.143752448100274,0.962786446432069
6,"edgeR",10,0.817198965868435,0.60878177616375,0.240762501632067,0.961317490370177
7,"edgeR",10,0.827305251612566,0.651594202898551,0.293510902206554,0.960762551413462
8,"edgeR",10,0.838847831196302,0.696409714889124,0.344431387909649,0.962460011751649
9,"edgeR",10,0.845507011725381,0.72192513368984,0.370152761457109,0.964353332898087
10,"edgeR",10,0.854150889196459,0.745385707524846,0.411280846063455,0.96487562838676
15,"edgeR",10,0.869088345128352,0.762708498808578,0.501501501501502,0.960991055689757
3,"DEGRE-BON",20,0.856553417073617,0.774177215189873,0.399268834051443,0.970882026506496
2,"DEGRE-BON",20,0.842268821977907,0.717082327701797,0.349131740436088,0.965561141215643
4,"DEGRE-BON",20,0.838403885827697,0.737334624072281,0.298341820080951,0.973428217013776
5,"DEGRE-BON",20,0.827905883581856,0.697159719660642,0.246768507638073,0.973199712737481
6,"DEGRE-BON",20,0.825242211370224,0.678084714548803,0.240370805588197,0.971469608931253
7,"DEGRE-BON",20,0.817564567936699,0.61591457113331,0.233450842146494,0.96360253313312
8,"DEGRE-BON",20,0.813673517353041,0.583174603174603,0.23984854419637,0.957139126460795
9,"DEGRE-BON",20,0.811140417308646,0.565190839694656,0.241676459067763,0.953515701508128
10,"DEGRE-BON",20,0.811349332776225,0.567233384853168,0.239587413500457,0.954299144741137
15,"DEGRE-BON",20,0.808659546131147,0.549939831528279,0.23867345606476,0.951165371809101
2,"DEGRE-BH",20,0.83876948789596,0.630240308717769,0.469121295208252,0.93118756936737
3,"DEGRE-BH",20,0.859164860418353,0.703338119167265,0.51168559864212,0.9460403473265
4,"DEGRE-BH",20,0.838116627059776,0.656921754084265,0.399007703355529,0.947901025004896
5,"DEGRE-BH",20,0.823361972162014,0.603420383637624,0.340906123514819,0.943983808839851
6,"DEGRE-BH",20,0.816023816363304,0.569019784172662,0.330460895678287,0.9374224717634
7,"DEGRE-BH",20,0.805264669782989,0.521353065539112,0.321974148061105,0.926095188352811
8,"DEGRE-BH",20,0.798788290288042,0.495476003147128,0.328894111502807,0.916269504472155
9,"DEGRE-BH",20,0.792755856161701,0.474087932647334,0.330852591722157,0.908239211333812
10,"DEGRE-BH",20,0.794322722168543,0.4792741165234,0.327588458023241,0.911013906117386
15,"DEGRE-BH",20,0.786880108636043,0.454113345521024,0.324324324324324,0.902526604426454
2,"DESeq2",20,0.561930378920429,0.134130679081715,0.218174696435566,0.647874910230463
3,"DESeq2",20,0.679941503669078,0.143145474305232,0.120381250816033,0.819840699875955
4,"DESeq2",20,0.698978925652208,0.142381656804734,0.100535317926622,0.848599595220996
5,"DESeq2",20,0.71462147128718,0.15480464625132,0.0957044000522261,0.869360840895737
6,"DESeq2",20,0.735304102577495,0.219859760235241,0.126909518213866,0.887412678722988
7,"DESeq2",20,0.764552268038545,0.35529963744935,0.217521869695783,0.901318796108899
8,"DESeq2",20,0.766066905178492,0.372672025093119,0.248204726465596,0.895540902265457
9,"DESeq2",20,0.768600005222887,0.386131110269041,0.266092179135657,0.894235163543775
10,"DESeq2",20,0.767555427884992,0.388027407140281,0.280976628802716,0.8892080694653
15,"DESeq2",20,0.764265009270624,0.383196721311475,0.292988640814728,0.882091793432134
2,"edgeR",20,0.784790953960254,0.294781382228491,0.0545763154458807,0.967356531957955
3,"edgeR",20,0.787663541639464,0.346952010376135,0.069852461156809,0.967128027681661
4,"edgeR",20,0.791084532421069,0.401842256764537,0.0911346128737433,0.966083436704316
5,"edgeR",20,0.792207453059306,0.419284940411701,0.101057579318449,0.965006202258928
6,"edgeR",20,0.799101663489411,0.492300724637681,0.141924533228881,0.963406672324868
7,"edgeR",20,0.811819392578278,0.58215451577802,0.209557383470427,0.962394724815564
8,"edgeR",20,0.821847335022067,0.638713954259198,0.251599425512469,0.964418619834171
9,"edgeR",20,0.830621784660382,0.67670985236517,0.293249771510641,0.964973558790886
10,"edgeR",20,0.840049095134881,0.709906951286262,0.338686512599556,0.965397923875433
15,"edgeR",20,0.859217089285248,0.753464461332141,0.440135787961875,0.963994254749625
3,"DEGRE-BON",20,0.84908468910767,0.780597014925373,0.341428384906646,0.976007050989097
2,"DEGRE-BON",20,0.838952288930092,0.719025249559601,0.319754537145842,0.968760201083763
4,"DEGRE-BON",20,0.834434491943697,0.748025573523881,0.259694477085781,0.97812887641183
5,"DEGRE-BON",20,0.82409317629854,0.70611880303707,0.206423815119467,0.978520598028335
6,"DEGRE-BON",20,0.821821220588619,0.674457429048414,0.21099360229795,0.974538094927205
7,"DEGRE-BON",20,0.815945473062962,0.621086008719778,0.204595900248074,0.968792844551805
8,"DEGRE-BON",20,0.81001749667041,0.570124178232286,0.203812508160334,0.961578638114513
9,"DEGRE-BON",20,0.81090538740762,0.576166180758018,0.206423815119467,0.962035646667102
10,"DEGRE-BON",20,0.812054422479304,0.585873605947955,0.205770988379684,0.963635176601162
15,"DEGRE-BON",20,0.81051367090591,0.571784823655148,0.209557383470427,0.960762551413462
2,"DEGRE-BH",20,0.838116627059776,0.641090065713181,0.433085259172216,0.939381079845923
3,"DEGRE-BH",20,0.852192306687906,0.710288239006943,0.440788614701658,0.955049944506104
4,"DEGRE-BH",20,0.835061238346434,0.666915237385036,0.350306828567698,0.95625775282366
5,"DEGRE-BH",20,0.821037787585198,0.613393359594823,0.284632458545502,0.95514787491023
6,"DEGRE-BH",20,0.81487478129162,0.575237592397043,0.284501893197545,0.94747665992035
7,"DEGRE-BH",20,0.8056563862847,0.526547589919256,0.280976628802716,0.936834889338643
8,"DEGRE-BH",20,0.798527145953569,0.493627674101047,0.283196239717979,0.92736828360645
9,"DEGRE-BH",20,0.796255190243648,0.483950617283951,0.281498890194542,0.924952666971339
10,"DEGRE-BH",20,0.796855822212937,0.486345015930815,0.279018148583366,0.926323692629105
15,"DEGRE-BH",20,0.790536129318674,0.462307371928363,0.289855072463768,0.91571456551544
2,"DESeq2",20,0.535685373305826,0.101190007092758,0.167645906776342,0.627701246980479
3,"DESeq2",20,0.667615491081921,0.0755317367275163,0.0588849719284502,0.819808056407913
4,"DESeq2",20,0.687096858433656,0.0452345886808332,0.0280715498106802,0.851863942025201
5,"DESeq2",20,0.70104196589455,0.0429433051869723,0.0232406319362841,0.870503362277208
6,"DESeq2",20,0.752461285352414,0.264979338842975,0.133960047003525,0.90709668995234
7,"DESeq2",20,0.754184837959941,0.288776493256262,0.156547852200026,0.903603838871842
8,"DESeq2",20,0.756326221502625,0.315696649029982,0.186969578273926,0.898674675197493
9,"DESeq2",20,0.756979082338809,0.323699421965318,0.197414806110458,0.896879284455181
10,"DESeq2",20,0.756874624605019,0.32740957558018,0.204465334900118,0.894985963308742
15,"DESeq2",20,0.759825555584572,0.361341507392715,0.261652957305131,0.884376836195077
2,"edgeR",20,0.779933669339044,0.188311688311688,0.0302911607259433,0.967356531957955
3,"edgeR",20,0.781187162144517,0.220062208398134,0.0369499934717326,0.967258601553829
4,"edgeR",20,0.78403363539028,0.282562277580071,0.051834443138791,0.967095384213619
5,"edgeR",20,0.78463426735957,0.30241935483871,0.0587544065804935,0.966116080172358
6,"edgeR",20,0.789021492178727,0.377764842840512,0.0847369108238673,0.965104132663054
7,"edgeR",20,0.796124618076411,0.463438735177866,0.12247029638334,0.964549193706339
8,"edgeR",20,0.802209281069647,0.518518518518518,0.155372764068416,0.963928967813541
9,"edgeR",20,0.809782466769383,0.574730968513352,0.188275231753493,0.965169419599138
10,"edgeR",20,0.821795106155172,0.644413697682463,0.243243243243243,0.966442514852778
15,"edgeR",20,0.843966260151986,0.723105458399576,0.356312834573704,0.965887575896063
3,"DEGRE-BON",20,0.828532629984593,0.808931599773884,0.186839012925969,0.988966507801789
2,"DEGRE-BON",20,0.833128770271329,0.774556469061012,0.233711972842408,0.982992753150095
4,"DEGRE-BON",20,0.818556916407699,0.779261586802828,0.129520825172999,0.990827185480185
5,"DEGRE-BON",20,0.812733397748936,0.728464419475655,0.101579840710275,0.990533394267807
6,"DEGRE-BON",20,0.808764003864936,0.62316715542522,0.110980545763154,0.983221257426389
7,"DEGRE-BON",20,0.804246206878542,0.548253404381291,0.12090351220786,0.97509303388392
8,"DEGRE-BON",20,0.799858982059384,0.498723838693211,0.127562344953649,0.967944114382712
9,"DEGRE-BON",20,0.809782466769383,0.638580931263858,0.112808460634548,0.98403734412744
10,"DEGRE-BON",20,0.809234063666989,0.635528330781011,0.108369238804021,0.984461709211987
15,"DEGRE-BON",20,0.80941686470112,0.632040965618142,0.112808460634548,0.983580335574851
2,"DEGRE-BH",20,0.830256182592119,0.665335235378031,0.304478391434913,0.961709211986681
3,"DEGRE-BH",20,0.830256182592119,0.726102223956301,0.24298211254733,0.977084285434485
4,"DEGRE-BH",20,0.819888752513514,0.695786228160329,0.176785481133307,0.980675066919109
5,"DEGRE-BH",20,0.814927010158515,0.675891758917589,0.143491317404361,0.982796892341842
6,"DEGRE-BH",20,0.809181834800094,0.589521871820956,0.15132523828176,0.97365672129007
7,"DEGRE-BH",20,0.803436659441673,0.527408637873754,0.165817991904948,0.962851733368153
8,"DEGRE-BH",20,0.798161543885305,0.4872634643377,0.174827000913957,0.954005353528759
9,"DEGRE-BH",20,0.8056563862847,0.554060787244644,0.145188666927797,0.97078409610237
10,"DEGRE-BH",20,0.805813072885384,0.55550024888004,0.145710928319624,0.970849383038454
15,"DEGRE-BH",20,0.799832867625937,0.498713550600343,0.151847499673587,0.96183978585885
2,"DESeq2",10,0.527851043271616,0.135705795986856,0.253427340383862,0.596461448064242
3,"DESeq2",10,0.675084219047868,0.132359723289777,0.112416764590678,0.815760266370699
4,"DESeq2",10,0.693756038962735,0.109296965040338,0.0742916829873352,0.848632238689038
5,"DESeq2",10,0.712636774345181,0.0986321094312455,0.0536623580101841,0.87739113403408
6,"DESeq2",10,0.728174862246364,0.108262108262108,0.0496148322235279,0.8978259450284
7,"DESeq2",10,0.736191993314705,0.11958891311118,0.0501370936153545,0.907716915845139
8,"DESeq2",10,0.759694983417335,0.285991678224688,0.134612873743309,0.915975713259777
9,"DESeq2",10,0.762410884495861,0.309302941956003,0.152369761065413,0.914931122282431
10,"DESeq2",10,0.764917870106808,0.329265191965421,0.169082125603865,0.913886531305086
15,"DESeq2",10,0.771550936202439,0.375257731958763,0.213866039952996,0.910981262649344
2,"edgeR",10,0.801713106834147,1,0.00861731296513905,1
3,"edgeR",10,0.801034131564516,1,0.00522261391826609,1
4,"edgeR",10,0.800407385161779,1,0.00208904556730644,1
5,"edgeR",10,0.8006946439297,1,0.00352526439482961,1
6,"edgeR",10,0.800276812994542,1,0.00143621882752318,1
8,"edgeR",10,0.803384430574779,0.927631578947368,0.018409714061888,0.999640921851538
9,"edgeR",10,0.805081868748857,0.922077922077922,0.0278104191147669,0.999412417575243
10,"edgeR",10,0.805760844018489,0.936758893280632,0.0309439874657266,0.999477704511327
15,"edgeR",10,0.818504687540804,0.9985935302391,0.0927013970492231,0.999967356531958
3,"DEGRE-BON",20,0.828532629984593,0.808931599773884,0.186839012925969,0.988966507801789
2,"DEGRE-BON",20,0.833128770271329,0.774556469061012,0.233711972842408,0.982992753150095
4,"DEGRE-BON",20,0.818556916407699,0.779261586802828,0.129520825172999,0.990827185480185
5,"DEGRE-BON",20,0.812733397748936,0.728464419475655,0.101579840710275,0.990533394267807
6,"DEGRE-BON",20,0.808764003864936,0.62316715542522,0.110980545763154,0.983221257426389
7,"DEGRE-BON",20,0.804246206878542,0.548253404381291,0.12090351220786,0.97509303388392
8,"DEGRE-BON",20,0.799858982059384,0.498723838693211,0.127562344953649,0.967944114382712
9,"DEGRE-BON",20,0.809782466769383,0.638580931263858,0.112808460634548,0.98403734412744
10,"DEGRE-BON",20,0.809234063666989,0.635528330781011,0.108369238804021,0.984461709211987
15,"DEGRE-BON",20,0.80941686470112,0.632040965618142,0.112808460634548,0.983580335574851
2,"DEGRE-BH",20,0.830256182592119,0.665335235378031,0.304478391434913,0.961709211986681
3,"DEGRE-BH",20,0.830256182592119,0.726102223956301,0.24298211254733,0.977084285434485
4,"DEGRE-BH",20,0.819888752513514,0.695786228160329,0.176785481133307,0.980675066919109
5,"DEGRE-BH",20,0.814927010158515,0.675891758917589,0.143491317404361,0.982796892341842
6,"DEGRE-BH",20,0.809181834800094,0.589521871820956,0.15132523828176,0.97365672129007
7,"DEGRE-BH",20,0.803436659441673,0.527408637873754,0.165817991904948,0.962851733368153
8,"DEGRE-BH",20,0.798161543885305,0.4872634643377,0.174827000913957,0.954005353528759
9,"DEGRE-BH",20,0.8056563862847,0.554060787244644,0.145188666927797,0.97078409610237
10,"DEGRE-BH",20,0.805813072885384,0.55550024888004,0.145710928319624,0.970849383038454
15,"DEGRE-BH",20,0.799832867625937,0.498713550600343,0.151847499673587,0.96183978585885
2,"DESeq2",10,0.593137126890032,0.190658439428259,0.318710014362188,0.661748384148332
3,"DESeq2",10,0.740370302666284,0.271928071928072,0.177699438569004,0.881047202454789
4,"DESeq2",10,0.759042122581151,0.288451160280626,0.139574356965661,0.913919174773128
5,"DESeq2",10,0.777922857963597,0.341582302212223,0.11894503198851,0.942678070118169
6,"DESeq2",10,0.793460945864779,0.437810945273632,0.114897506201854,0.963112881112489
7,"DESeq2",10,0.801478076933121,0.516656925774401,0.115419767593681,0.973003851929229
8,"DESeq2",10,0.824981067035751,0.727315914489311,0.199895547721635,0.981262649343866
9,"DESeq2",10,0.827696968114277,0.733391992960845,0.217652435043739,0.980218058366521
10,"DESeq2",10,0.830203953725224,0.73777229757501,0.234364799582191,0.979173467389175
15,"DESeq2",10,0.836837019820855,0.746247818499127,0.279148713931323,0.976268198733433
2,"edgeR",10,0.801713106834147,1,0.00861731296513905,1
3,"edgeR",10,0.801034131564516,1,0.00522261391826609,1
4,"edgeR",10,0.800407385161779,1,0.00208904556730644,1
5,"edgeR",10,0.8006946439297,1,0.00352526439482961,1
6,"edgeR",10,0.800276812994542,1,0.00143621882752318,1
8,"edgeR",10,0.803384430574779,0.927631578947368,0.018409714061888,0.999640921851538
9,"edgeR",10,0.805081868748857,0.922077922077922,0.0278104191147669,0.999412417575243
10,"edgeR",10,0.805760844018489,0.936758893280632,0.0309439874657266,0.999477704511327
15,"edgeR",10,0.818504687540804,0.9985935302391,0.0927013970492231,0.999967356531958
3,"DEGRE-BON",30,0.879769148408325,0.960406634563938,0.625,0.988957284088789
2,"DEGRE-BON",30,0.851408873684485,0.914142857142857,0.557016016713092,0.977578809923522
4,"DEGRE-BON",30,0.898023137388034,0.986401539448364,0.669307103064067,0.996045513896661
5,"DEGRE-BON",30,0.899015485859034,0.994548994159637,0.667043871866295,0.998433128147734
6,"DEGRE-BON",30,0.905491865353981,0.991382540277257,0.690981894150418,0.997425853385562
7,"DEGRE-BON",30,0.90619695505706,0.985012285012285,0.697945682451253,0.995448610333893
8,"DEGRE-BON",30,0.910401378842086,0.986592583645368,0.71100278551532,0.995858981533296
9,"DEGRE-BON",30,0.912464419084428,0.985325697924123,0.718924094707521,0.99541130386122
10,"DEGRE-BON",30,0.918575196511112,0.988787666433076,0.736942896935933,0.996418578623391
15,"DEGRE-BON",30,0.929229885357637,0.995260663507109,0.767757660167131,0.998433128147734
2,"DEGRE-BH",30,0.908808398401797,0.908459337964855,0.774025069637883,0.966573400484984
3,"DEGRE-BH",30,0.935288433917426,0.94140701548109,0.836350974930362,0.977690729341541
4,"DEGRE-BH",30,0.946909356801504,0.949766910855294,0.868993732590529,0.980302182428651
5,"DEGRE-BH",30,0.951427153787899,0.960229445506692,0.874303621169916,0.984480507368028
6,"DEGRE-BH",30,0.957537931214582,0.967039211971964,0.88875348189415,0.987017347509793
7,"DEGRE-BH",30,0.960358290026898,0.96957422758101,0.895978412256267,0.987950009326618
8,"DEGRE-BH",30,0.965006659180529,0.976163663663664,0.905466573816156,0.990524155941056
9,"DEGRE-BH",30,0.965528947849476,0.977102102102102,0.90633704735376,0.990897220667786
10,"DEGRE-BH",30,0.969132739665213,0.981768885564697,0.91408426183844,0.992725237828763
15,"DEGRE-BH",30,0.977776617136291,0.993779593352521,0.931754874651811,0.997500466330908
2,"DESeq2",30,0.620505053142872,0.29614251272435,0.192461699164345,0.803954486103339
3,"DESeq2",30,0.626694173869898,0.295199182839632,0.176096796657382,0.819809736989368
4,"DESeq2",30,0.627634293474003,0.302775800711744,0.185149721448468,0.817272896847603
5,"DESeq2",30,0.628234925443293,0.310430463576159,0.195856545961003,0.813542249580302
6,"DESeq2",30,0.626171885200951,0.300324904647549,0.185062674094708,0.815221040850588
7,"DESeq2",30,0.632361005927976,0.312264424470861,0.1875,0.823018093639246
8,"DESeq2",30,0.623847700624135,0.291714285714286,0.17775069637883,0.815034508487223
9,"DESeq2",30,0.629175045047398,0.305340223944875,0.185149721448468,0.819473978735311
10,"DESeq2",30,0.624996735695819,0.300222593210907,0.187848189415042,0.812348442454766
15,"DESeq2",30,0.61358472827932,0.297118332311465,0.21091573816156,0.786159298638314
2,"edgeR",30,0.660904081685948,0.299383543285982,0.0972318941504178,0.902480880432755
3,"edgeR",30,0.648473611365001,0.289793309183891,0.118384401114206,0.875657526580862
4,"edgeR",30,0.648943671167054,0.306320586487022,0.134575208913649,0.869390039171796
5,"edgeR",30,0.648839213433265,0.309101539660885,0.138057103064067,0.867748554374184
6,"edgeR",30,0.643067923641397,0.302893309222423,0.145804317548747,0.856183547845551
7,"edgeR",30,0.644164729846186,0.311928219563688,0.15433495821727,0.854094385375863
8,"edgeR",30,0.635651424542345,0.291398577717575,0.149808495821727,0.843872411863458
9,"edgeR",30,0.639411902958765,0.30365605958023,0.15616295264624,0.846521171423242
10,"edgeR",30,0.633901757501371,0.293926070672529,0.157120473537604,0.838239134489834
15,"edgeR",30,0.627582064607108,0.295832719776174,0.174878133704735,0.821600447677672
3,"DEGRE-BON",30,0.851147729350012,0.957477078722732,0.52724582172702,0.989964558850961
2,"DEGRE-BON",30,0.819105319510093,0.881673640167364,0.458565459610028,0.973624323820183
4,"DEGRE-BON",30,0.857049591309117,0.985156502097451,0.531511142061281,0.996567804514083
5,"DEGRE-BON",30,0.850677669547959,0.990479428765726,0.507137883008356,0.997910837530312
6,"DEGRE-BON",30,0.847700624134959,0.978025693035835,0.503655988857939,0.995150158552509
7,"DEGRE-BON",30,0.839135089964223,0.944741235392321,0.492600974930362,0.987651557545234
8,"DEGRE-BON",30,0.833154884704776,0.904233391469795,0.496431058495822,0.977466890505503
9,"DEGRE-BON",30,0.829498864022145,0.884239888423989,0.496692200557103,0.972132064913262
10,"DEGRE-BON",30,0.826495704175698,0.859881129271917,0.503743036211699,0.964819996269353
15,"DEGRE-BON",30,0.810722586373489,0.796337713167459,0.495908774373259,0.945644469315426
2,"DEGRE-BH",30,0.863839344005432,0.862658959537572,0.649547353760446,0.955679910464466
3,"DEGRE-BH",30,0.899407202360745,0.926782919740666,0.721709610027855,0.975564260399179
4,"DEGRE-BH",30,0.887629592875983,0.905886340526494,0.697945682451253,0.968923708263384
5,"DEGRE-BH",30,0.867730394589089,0.868333524486753,0.659035515320334,0.957172169371386
6,"DEGRE-BH",30,0.853785287128196,0.836860771078824,0.63675139275766,0.94680096996829
7,"DEGRE-BH",30,0.843548429216828,0.812720446012061,0.621779247910863,0.938593545980228
8,"DEGRE-BH",30,0.835635755882276,0.790427197494968,0.61525069637883,0.930087670210782
9,"DEGRE-BH",30,0.829211605254224,0.774097052958121,0.608199860724234,0.923932102219735
10,"DEGRE-BH",30,0.824067061865093,0.757954175263329,0.607590529247911,0.916843872411863
15,"DEGRE-BH",30,0.80803279972841,0.724763664022601,0.580605849582173,0.905502704719269
2,"DESeq2",30,0.594625649596532,0.304751766186006,0.274112116991643,0.731990300317105
3,"DESeq2",30,0.618729271668451,0.296972860125261,0.198119777158774,0.798992725237829
4,"DESeq2",30,0.630271851252187,0.308739255014327,0.18758704735376,0.819996269352733
5,"DESeq2",30,0.632439349228318,0.303747534516765,0.174268802228412,0.828800596903563
6,"DESeq2",30,0.632596035829003,0.29654737505912,0.163736072423398,0.833538518933035
7,"DESeq2",30,0.636225942078187,0.311341161928307,0.175400417827298,0.8337250512964
8,"DESeq2",30,0.627503721306766,0.292712066905615,0.170612813370474,0.82331654542063
9,"DESeq2",30,0.633692842033792,0.306861402708048,0.175574512534819,0.830031710501772
10,"DESeq2",30,0.627634293474003,0.298237949614096,0.178272980501393,0.820220108188771
15,"DESeq2",30,0.621366829446635,0.296691424713032,0.191243036211699,0.80570789031897
2,"edgeR",30,0.684459300655472,0.29775662814412,0.0381267409470752,0.961462413728782
3,"edgeR",30,0.672577233436921,0.292817679558011,0.0645891364902507,0.933146800969968
4,"edgeR",30,0.66771994881571,0.30723643169058,0.085741643454039,0.917142324193247
5,"edgeR",30,0.663149922962421,0.30896290278906,0.0993210306406685,0.904793881738482
6,"edgeR",30,0.655602851696132,0.297811607992388,0.108983286908078,0.889871292669278
7,"edgeR",30,0.65750920533779,0.316738004054967,0.122388579387187,0.886849468382764
8,"edgeR",30,0.650745567074922,0.295622019939315,0.118732590529248,0.878753963812722
9,"edgeR",30,0.651189512443528,0.304129113393419,0.126305710306407,0.876142510725611
10,"edgeR",30,0.645888282453712,0.29403578528827,0.128743036211699,0.867524715538146
15,"edgeR",30,0.638889614289818,0.295526039846208,0.147197075208914,0.849617608655102
2,"DESeq2",30,0.574857023476876,0.298316498316498,0.30849582172702,0.689013243797799
3,"DESeq2",30,0.62638080066853,0.296462093862816,0.178708217270195,0.818242865137101
4,"DESeq2",30,0.638315096753976,0.305820453798093,0.161908077994429,0.842492072374557
5,"DESeq2",30,0.644478103047554,0.306516199490353,0.146587743732591,0.857862339115837
6,"DESeq2",30,0.644190844279633,0.298358180788828,0.137621866295265,0.861294534601753
7,"DESeq2",30,0.647167889692633,0.308970727101039,0.142409470752089,0.863495616489461
8,"DESeq2",30,0.639255216358081,0.294450335807706,0.145020891364903,0.851072561089349
9,"DESeq2",30,0.641736087535581,0.306303177635006,0.153551532033426,0.85096064167133
10,"DESeq2",30,0.633405583265871,0.298067785872664,0.163823119777159,0.834657713113225
15,"DESeq2",30,0.626798631603687,0.296677789061367,0.178011838440111,0.819138220481254
2,"edgeR",30,0.691640769853498,0.290575916230366,0.0193245125348189,0.979779891811229
3,"edgeR",30,0.687149087300551,0.261165048543689,0.0234157381615599,0.97160977429584
4,"edgeR",30,0.686522340897814,0.319074333800841,0.0396065459610028,0.963775415034508
5,"edgeR",30,0.681795628443841,0.310700706137969,0.0497910863509749,0.952658086177952
6,"edgeR",30,0.673125636539315,0.304298212248003,0.0696378830083565,0.931766461481067
7,"edgeR",30,0.67069699422871,0.316065573770492,0.0839136490250696,0.922178698004104
8,"edgeR",30,0.663593868331027,0.294273907910272,0.0867862116991643,0.910800223838836
9,"edgeR",30,0.663672211631369,0.302806918060675,0.092966573816156,0.908263383697071
10,"edgeR",30,0.658423210508448,0.291949817041296,0.0972318941504178,0.898936765528819
15,"edgeR",30,0.649335387668765,0.29076790336497,0.117339832869081,0.877336317851147
2,"DEGRE-BON",30,0.756456793669861,0.819067296340024,0.241556406685237,0.977131132251446
3,"DEGRE-BON",30,0.773953464079597,0.929611650485437,0.266713091922006,0.991344898339862
4,"DEGRE-BON",30,0.784373123025096,0.973060029282577,0.289258356545961,0.996567804514083
5,"DEGRE-BON",30,0.792050766458622,0.991906223834775,0.309366295264624,0.998918112292483
6,"DEGRE-BON",30,0.794166035567858,0.984677419354839,0.318854456824513,0.997873531057639
7,"DEGRE-BON",30,0.79098007468728,0.928641732283465,0.328516713091922,0.989181122924827
8,"DEGRE-BON",30,0.787167367403964,0.886342592592593,0.333304317548747,0.981682521917553
9,"DEGRE-BON",30,0.785313242629201,0.85564990202482,0.342096100278552,0.975265808617795
10,"DEGRE-BON",30,0.783615804455122,0.839482612383376,0.344620473537604,0.971759000186532
15,"DEGRE-BON",30,0.779541952837333,0.795384018619085,0.356981197771588,0.960641671329976
2,"DEGRE-BH",30,0.796646906745358,0.818009967348342,0.414345403899721,0.960492445439284
3,"DEGRE-BH",30,0.817486224636357,0.902199177543358,0.439240947075209,0.979593359447864
4,"DEGRE-BH",30,0.81537095552712,0.881124913733609,0.444550835654596,0.974295840328297
5,"DEGRE-BH",30,0.810644243073147,0.849529780564263,0.448206824512535,0.965976496922216
6,"DEGRE-BH",30,0.801530305800016,0.799353249153064,0.451862813370474,0.95138966610707
7,"DEGRE-BH",30,0.791424020055885,0.757464332990146,0.448293871866295,0.938481626562209
8,"DEGRE-BH",30,0.783955292089938,0.723419041000695,0.45308147632312,0.925760119380713
9,"DEGRE-BH",30,0.777870629096702,0.700781039590628,0.452994428969359,0.917105017720575
10,"DEGRE-BH",30,0.77332671767686,0.685960264900662,0.450818245125348,0.911546353292296
15,"DEGRE-BH",30,0.766275820646071,0.664634146341463,0.445943593314763,0.903562768140272
2,"DESeq2",30,0.570260883190139,0.300610049767218,0.325992339832869,0.674948703600075
3,"DESeq2",30,0.630506881153213,0.293432696786213,0.164519498607242,0.830218242865137
4,"DESeq2",30,0.643746898911028,0.300850591715976,0.141626044568245,0.858944226823354
5,"DESeq2",30,0.652443005249001,0.307708553326294,0.126827994428969,0.877709382577877
6,"DESeq2",30,0.652704149583475,0.295182085501018,0.113596796657382,0.883753031150905
7,"DESeq2",30,0.654584388791685,0.314566005544892,0.128394846796657,0.88009699682895
8,"DESeq2",30,0.644556446347896,0.291903548323858,0.129613509749304,0.865249020705092
9,"DESeq2",30,0.645731595853028,0.303145130731338,0.139275766016713,0.862786793508674
10,"DESeq2",30,0.641762201969028,0.298954201226109,0.144324512534819,0.854952434247342
15,"DESeq2",30,0.637531663750555,0.295765027322404,0.150766016713092,0.846148106696512
2,"edgeR",30,0.695401248269919,0.289473684210526,0.0105327298050139,0.988919977616116
3,"edgeR",30,0.693886611129972,0.284132841328413,0.0134052924791086,0.985525088602873
4,"edgeR",30,0.693912725563419,0.341926729986431,0.0219359331476323,0.981906360753591
5,"edgeR",30,0.692528660590709,0.33096926713948,0.0243732590529248,0.978884536467077
6,"edgeR",30,0.685425534693025,0.301846590909091,0.0369951253481894,0.963327737362432
7,"edgeR",30,0.680489906771473,0.309146653040368,0.0526636490250696,0.949561648946092
8,"edgeR",30,0.67505810461442,0.284618854307623,0.0549268802228412,0.940831934340608
9,"edgeR",30,0.674588044812368,0.306867804684399,0.0672876044568245,0.934862898712927
10,"edgeR",30,0.668764526153605,0.290469516468115,0.0721622562674095,0.924454392837157
15,"edgeR",30,0.660355678583553,0.293413173652695,0.0938370473537604,0.903152396940869
2,"DEGRE-BON",30,0.74198939754002,0.791938997821351,0.189850278551532,0.978623391158366
3,"DEGRE-BON",30,0.757240226673282,0.923493044822257,0.208043175487465,0.992613318410744
4,"DEGRE-BON",30,0.768051602120492,0.970397111913357,0.233983286908078,0.996940869240813
5,"DEGRE-BON",30,0.773352832110307,0.988861816916116,0.247301532033426,0.998806192874464
6,"DEGRE-BON",30,0.777426683728097,0.980862795977944,0.263231197771588,0.997798918112292
7,"DEGRE-BON",30,0.773535633144439,0.922569027611044,0.26758356545961,0.990374930050364
8,"DEGRE-BON",30,0.772099339304834,0.883792048929664,0.276723537604457,0.984405894422682
9,"DEGRE-BON",30,0.768678348523229,0.838742916022669,0.283426183844011,0.976646148106696
10,"DEGRE-BON",30,0.768626119656334,0.845244351024698,0.280031337047354,0.978026487595598
15,"DEGRE-BON",30,0.769278980492518,0.817420435510888,0.297353760445682,0.971535161350494
2,"DEGRE-BH",30,0.776251534222965,0.792,0.344707520891365,0.961201268420071
3,"DEGRE-BH",30,0.797978742851174,0.902229845626072,0.366295264623955,0.982988248461108
4,"DEGRE-BH",30,0.797978742851174,0.887443205287071,0.374042479108635,0.97966797239321
5,"DEGRE-BH",30,0.793069229363069,0.858984689766317,0.37116991643454,0.973885469128894
6,"DEGRE-BH",30,0.786958451936385,0.804498902706657,0.382921309192201,0.960119380712554
7,"DEGRE-BH",30,0.776956623926044,0.751923405710378,0.38283426183844,0.945868308151464
8,"DEGRE-BH",30,0.770898075366255,0.715578847070033,0.392235376044568,0.933184107442641
9,"DEGRE-BH",30,0.76510067114094,0.690567191560923,0.393192896935933,0.92449169930983
10,"DEGRE-BH",30,0.760452301987308,0.675564993174579,0.387708913649025,0.920201454952434
15,"DEGRE-BH",30,0.754367638994072,0.650957076566125,0.390755571030641,0.910203320276068
2,"DESeq2",30,0.568250071814692,0.301205768776105,0.332694986072423,0.669203506808431
3,"DESeq2",30,0.633745070900687,0.287556523195445,0.149460306406685,0.841298265249021
4,"DESeq2",30,0.651920716580054,0.306332842415317,0.126740947075209,0.87700055959709
5,"DESeq2",30,0.658919384743948,0.310253317249698,0.111942896935933,0.893340794627868
6,"DESeq2",30,0.660512365184237,0.304752066115702,0.102715877437326,0.89957097556426
7,"DESeq2",30,0.658945499177395,0.310693641618497,0.112291086350975,0.893228875209849
8,"DESeq2",30,0.650641109341133,0.291666666666667,0.11516364902507,0.880134303301623
9,"DESeq2",30,0.653330895986212,0.308713337615072,0.125522284122563,0.879537399738855
10,"DESeq2",30,0.649361502102212,0.297302947940623,0.123781337047354,0.874612945346018
15,"DESeq2",30,0.640404251429765,0.294266137756942,0.142061281337047,0.853982465957844
2,"edgeR",30,0.697908233880866,0.327586206896552,0.00661559888579387,0.994180190263011
3,"edgeR",30,0.696811427676077,0.286713286713287,0.00713788300835655,0.992389479574706
4,"edgeR",30,0.695897422505419,0.306172839506173,0.0107938718662953,0.989516881178885
5,"edgeR",30,0.695557934870603,0.325819672131148,0.0138405292479109,0.98772617049058
6,"edgeR",30,0.692476431723814,0.299442896935933,0.0187151810584958,0.981234844245477
7,"edgeR",30,0.68923824197634,0.298828125,0.0266364902506964,0.97321395262078
8,"edgeR",30,0.683519181051367,0.288963210702341,0.0376044568245125,0.960343219548592
9,"edgeR",30,0.681482255242473,0.292568753657109,0.0435236768802228,0.954896474538332
10,"edgeR",30,0.677565090225368,0.294595887135342,0.0536211699164345,0.944972952807312
15,"edgeR",30,0.668085550883974,0.294552790854069,0.0762534818941504,0.921731020332028
2,"DEGRE-BON",30,0.736479252082626,0.797360578969774,0.163039693593315,0.982242119007648
3,"DEGRE-BON",30,0.747055597628809,0.922211808809747,0.171309192200557,0.993807125536281
4,"DEGRE-BON",30,0.755725589533335,0.97338065661047,0.190981894150418,0.99776161163962
5,"DEGRE-BON",30,0.76152299375865,0.991242702251877,0.206911559888579,0.999216564073867
6,"DEGRE-BON",30,0.762802600997571,0.952237683339601,0.220403899721448,0.995262077970528
7,"DEGRE-BON",30,0.760817904055571,0.903919528269164,0.226845403899721,0.989666107069577
8,"DEGRE-BON",30,0.758963779280808,0.858185279187817,0.235463091922006,0.983324006715165
9,"DEGRE-BON",30,0.759773326717677,0.847555420589128,0.242949164345404,0.98127215071815
10,"DEGRE-BON",30,0.761810252526571,0.877994251038007,0.239293175487465,0.985748927438911
15,"DEGRE-BON",30,0.761261849424177,0.835334476843911,0.254352367688022,0.978511471740347
2,"DEGRE-BH",30,0.767659885618782,0.78833741375473,0.308321727019499,0.964521544487969
3,"DEGRE-BH",30,0.782492883816886,0.897758750944347,0.310323816155989,0.984853572094758
4,"DEGRE-BH",30,0.785652730264017,0.900977995110024,0.320769498607242,0.984890878567431
5,"DEGRE-BH",30,0.78314574465307,0.873183309892171,0.32425139275766,0.979817198283902
6,"DEGRE-BH",30,0.776173190922623,0.809200763196947,0.332259749303621,0.966424174594292
7,"DEGRE-BH",30,0.768234403154624,0.755925563173359,0.33591573816156,0.953516135049431
8,"DEGRE-BH",30,0.76152299375865,0.711262553802009,0.345229805013928,0.939936578996456
9,"DEGRE-BH",30,0.759172694748387,0.698632538569425,0.346883704735376,0.935870173475098
10,"DEGRE-BH",30,0.756717938004335,0.693444959030994,0.338875348189415,0.935795560529752
15,"DEGRE-BH",30,0.747551771864309,0.648265754763068,0.346535515320334,0.919418019026301
3,"DEGRE-BON",30,0.792886428328937,0.962308292175721,0.32224930362117,0.994590561462414
2,"DEGRE-BON",30,0.773927349646149,0.894179894179894,0.279509052924791,0.985823540384257
4,"DEGRE-BON",30,0.77818400229807,0.979807692307692,0.266103760445682,0.9976496922216
5,"DEGRE-BON",30,0.768051602120492,0.995060790273556,0.227977019498607,0.999515015855251
6,"DEGRE-BON",30,0.765361815475413,0.947123972847446,0.230762534818942,0.994478642044395
7,"DEGRE-BON",30,0.759590525683545,0.881095524382097,0.229630919220056,0.986718895728409
8,"DEGRE-BON",30,0.756926853471914,0.82267613972765,0.241904596100279,0.977653422868868
9,"DEGRE-BON",30,0.760713446321782,0.908037908037908,0.225191504178273,0.990225704159672
10,"DEGRE-BON",30,0.76301151646515,0.9279886484569,0.227715877437326,0.992426786047379
15,"DEGRE-BON",30,0.759747212284229,0.892318244170096,0.22649721448468,0.988285767580675
2,"DEGRE-BH",30,0.797795941817042,0.854707330933889,0.392757660167131,0.971385935459802
3,"DEGRE-BH",30,0.820828872117619,0.940750619165555,0.429839832869081,0.988397686998694
4,"DEGRE-BH",30,0.803410545008226,0.94414535666218,0.366382311977716,0.990710688304421
5,"DEGRE-BH",30,0.790562243752122,0.935678391959799,0.3241643454039,0.99044954299571
6,"DEGRE-BH",30,0.780690987909017,0.860981308411215,0.320769498607242,0.97780264875956
7,"DEGRE-BH",30,0.771759851670018,0.799869052815364,0.319028551532033,0.965789964558851
8,"DEGRE-BH",30,0.76212362572794,0.732733320289571,0.325992339832869,0.94903935832867
9,"DEGRE-BH",30,0.766354163946413,0.782773202759849,0.306145543175487,0.963588882671143
10,"DEGRE-BH",30,0.764238894837177,0.774798927613941,0.301880222841226,0.962395075545607
15,"DEGRE-BH",30,0.751286135847283,0.69484126984127,0.304839832869081,0.942622645028912
2,"DESeq2",30,0.569581907920508,0.303230890464933,0.334958217270195,0.670136168625256
3,"DESeq2",30,0.641814430835923,0.297528171573973,0.14249651810585,0.855810483118821
4,"DESeq2",30,0.658188180607422,0.304230863291758,0.108286908077994,0.89386308524529
5,"DESeq2",30,0.668059436450526,0.309204368174727,0.0862639275766017,0.917403469501959
6,"DESeq2",30,0.671297626198,0.297157622739018,0.0700731197771588,0.928968476030591
7,"DESeq2",30,0.672002715901079,0.313240418118467,0.0782555710306407,0.9264689423615
8,"DESeq2",30,0.666884286945395,0.297444089456869,0.0810410863509749,0.917963066592054
9,"DESeq2",30,0.664821246703053,0.297321697261511,0.0860027855153203,0.912889386308525
10,"DESeq2",30,0.662183688924869,0.301208127402526,0.0954909470752089,0.905055027047193
15,"DESeq2",30,0.657430862037448,0.299063116370809,0.105588440111421,0.893937698190636
2,"edgeR",30,0.699266184420129,0.37037037037037,0.00348189415041783,0.997463159858235
3,"edgeR",30,0.699292298853576,0.235294117647059,0.00104456824512535,0.998545047565753
4,"edgeR",30,0.69965790092184,0.290322580645161,0.000783426183844011,0.999179257601194
5,"edgeR",30,0.698430522549813,0.222222222222222,0.0020891364902507,0.996866256295467
6,"edgeR",30,0.696132452406445,0.254966887417219,0.00670264623955432,0.991606043648573
7,"edgeR",30,0.696706969942287,0.306748466257669,0.00870473537604457,0.9915687371759
8,"edgeR",30,0.69558404930405,0.304849884526559,0.0114902506963788,0.988770751725424
9,"edgeR",30,0.694382785365471,0.303473491773309,0.014449860724234,0.985786233911584
10,"edgeR",30,0.691797456454182,0.297157622739018,0.0200208913649025,0.979705278865883
15,"edgeR",30,0.683179693416551,0.299501867995019,0.0418697771587744,0.958030218242865
7,"edgeR",30,0.6999974,0,0,1
8,"edgeR",30,0.6999974,0,0,1
9,"edgeR",30,0.6999974,0,0,1
10,"edgeR",30,0.6999974,0,0,1
15,"edgeR",30,0.6999974,0,0,1
2,"DESeq2",30,0.566265374872692,0.300007810669374,0.334348885793872,0.665659391904495
3,"DESeq2",30,0.646854516491265,0.296703296703297,0.129265320334262,0.868681216191009
4,"DESeq2",30,0.6628626641945,0.308148947652455,0.099408077994429,0.904346204066406
5,"DESeq2",30,0.671715457133158,0.296962879640045,0.068941504178273,0.930050363738109
6,"DESeq2",30,0.677800120126394,0.288557213930348,0.0504874651810585,0.946651744077597
7,"DESeq2",30,0.682787976914841,0.307422559906487,0.0457869080779944,0.955791829882485
8,"DESeq2",30,0.677303945890894,0.293586698337292,0.0537952646239554,0.944525275135236
9,"DESeq2",30,0.676259368552999,0.300043994720634,0.059366295264624,0.940645401977243
10,"DESeq2",30,0.673856840675842,0.294286888614879,0.0623259052924791,0.935944786420444
15,"DESeq2",30,0.670096362259421,0.300174520069808,0.0748607242339833,0.925200522290617
2,"edgeR",30,0.69916172668634,0.257575757575758,0.00147980501392758,0.998171982839023
3,"edgeR",30,0.699684015355287,0.35,0.00121866295264624,0.999030031710502
4,"edgeR",30,0.699684015355287,0.125,0.000174094707520891,0.999477709382578
5,"edgeR",30,0.699762358655629,0.333333333333333,0.000783426183844011,0.999328483491886
6,"edgeR",30,0.699814587522524,0.181818181818182,0.000174094707520891,0.999664241745943
2,"DEGRE-BON",30,0.714960958921996,0.727561556791104,0.0797353760445682,0.987203879873158
3,"DEGRE-BON",30,0.720340532212154,0.88988988988989,0.0773850974930362,0.995896288005969
4,"DEGRE-BON",30,0.726790797273653,0.964673913043478,0.0927054317548747,0.998545047565753
5,"DEGRE-BON",30,0.729062752983574,0.985178727114211,0.0983635097493036,0.999365789964559
6,"DEGRE-BON",30,0.728723265348758,0.878787878787879,0.111072423398329,0.99343406080955
7,"DEGRE-BON",30,0.725641762201969,0.766558089033659,0.122910863509749,0.983958216750606
8,"DEGRE-BON",30,0.725145587966469,0.722607489597781,0.136055013927577,0.977616116396195
9,"DEGRE-BON",30,0.733214947901705,0.905612244897959,0.123607242339833,0.994478642044395
10,"DEGRE-BON",30,0.7352518737106,0.919776119402985,0.128743036211699,0.995187465025182
15,"DEGRE-BON",30,0.737549943853968,0.907596371882086,0.139362813370474,0.9939190449543
2,"DEGRE-BH",30,0.731700310761758,0.729402872260015,0.16800139275766,0.973288565566126
3,"DEGRE-BH",30,0.74010915833181,0.879446640316206,0.154944289693593,0.990897220667786
4,"DEGRE-BH",30,0.747186169796046,0.925978312116926,0.170961002785515,0.994142883790338
5,"DEGRE-BH",30,0.74695113989502,0.933461909353905,0.168523676880223,0.994851706771125
6,"DEGRE-BH",30,0.743556263546862,0.829644268774704,0.182712395543175,0.983920910277933
7,"DEGRE-BH",30,0.738098346956363,0.751118760757315,0.189937325905292,0.973027420257415
8,"DEGRE-BH",30,0.734938500509231,0.699820788530466,0.203951949860724,0.962506994963626
9,"DEGRE-BH",30,0.741858825372784,0.78799856270212,0.190894846796657,0.977989181122925
10,"DEGRE-BH",30,0.738751207792547,0.769818181818182,0.184279247910864,0.976385002797985
15,"DEGRE-BH",30,0.731804768495548,0.686695278969957,0.194986072423398,0.961872784928185
